Collab_ID,Brand_ID,Creator_ID,Campaign_Start,Campaign_End,Budget_Spent,Impressions,Clicks,CTR,Conversions,CVR,is_success
CB_00001,BR_00085,CR_YT_088,2025-06-23,2025-09-21,27300000,152157,1917,1.26,19,1.01,N
CB_00002,BR_00017,CR_TK_107,2024-07-13,2024-08-12,500000,2225,50,2.27,1,2.0,Y
CB_00003,BR_00082,CR_YT_126,2024-02-17,2024-05-17,17400000,60232,1313,2.18,13,1.02,N
CB_00005,BR_00027,CR_TK_073,2024-03-24,2024-05-23,2700000,2917,48,1.67,0,1.86,N
CB_00006,BR_00083,CR_TK_085,2025-06-05,2025-07-05,5800000,11298,258,2.29,4,1.81,Y
CB_00007,BR_00089,CR_YT_248,2025-05-21,2025-07-20,12600000,1627040,76145,4.68,1934,2.54,Y
CB_00008,BR_00005,CR_YT_107,2024-08-12,2024-09-11,3000000,5113,95,1.87,1,1.99,Y
CB_00009,BR_00049,CR_YT_293,2024-06-09,2024-07-09,1500000,74417,2984,4.01,45,1.53,N
CB_00010,BR_00067,CR_YT_181,2024-08-23,2024-11-21,4700000,580104,13632,2.35,283,2.08,Y
CB_00011,BR_00056,CR_YT_210,2025-01-11,2025-03-12,900000,2297586,39518,1.72,521,1.32,Y
CB_00012,BR_00083,CR_YT_039,2025-01-02,2025-01-16,4400000,3082,98,3.19,0,0.77,N
CB_00013,BR_00036,CR_TK_175,2024-08-21,2024-09-04,900000,6258,199,3.18,3,1.67,N
CB_00014,BR_00087,CR_YT_169,2024-09-13,2024-10-13,26300000,16282,713,4.38,8,1.17,Y
CB_00015,BR_00078,CR_YT_071,2025-07-10,2025-08-09,6900000,4657,199,4.29,6,3.24,Y
CB_00016,BR_00052,CR_TK_185,2025-02-19,2025-05-20,3600000,30016,1086,3.62,43,3.96,Y
CB_00017,BR_00020,CR_TK_144,2025-02-11,2025-03-13,1300000,5476,158,2.9,3,2.31,Y
CB_00018,BR_00071,CR_TK_088,2025-04-24,2025-06-23,3100000,172077,7536,4.38,150,2.0,Y
CB_00019,BR_00090,CR_YT_214,2024-08-02,2024-10-01,16600000,58836,1470,2.5,37,2.52,Y
CB_00020,BR_00017,CR_YT_157,2024-01-10,2024-03-10,600000,621496,14667,2.36,288,1.97,Y
CB_00021,BR_00088,CR_TK_086,2025-02-17,2025-05-18,7700000,14152,462,3.27,2,0.61,N
CB_00022,BR_00018,CR_YT_079,2024-12-04,2025-03-04,400000,5721371,196243,3.43,6927,3.53,Y
CB_00024,BR_00058,CR_TK_028,2024-11-07,2024-11-21,1700000,2798,47,1.71,1,3.39,Y
CB_00025,BR_00078,CR_YT_251,2024-01-28,2024-02-27,10700000,1068643,27143,2.54,331,1.22,N
CB_00026,BR_00038,CR_TK_038,2025-06-20,2025-07-04,2100000,29836,310,1.04,5,1.64,N
CB_00027,BR_00053,CR_YT_201,2024-06-09,2024-06-23,1300000,554469,22012,3.97,409,1.86,Y
CB_00028,BR_00027,CR_YT_067,2024-07-29,2024-08-28,1900000,12556,364,2.9,9,2.61,Y
CB_00029,BR_00040,CR_TK_001,2024-07-26,2024-10-24,3500000,17685,320,1.81,12,3.97,Y
CB_00030,BR_00058,CR_YT_033,2025-02-12,2025-05-13,3900000,1412,65,4.64,2,3.58,Y
CB_00031,BR_00059,CR_YT_237,2025-08-12,2025-08-26,1500000,39174,1770,4.52,37,2.1,N
CB_00032,BR_00090,CR_TK_132,2024-10-31,2024-12-30,20000000,12861,218,1.7,2,1.37,N
CB_00033,BR_00080,CR_TK_076,2025-03-18,2025-05-17,18400000,1073713,40693,3.79,337,0.83,N
CB_00034,BR_00090,CR_TK_185,2024-02-14,2024-03-15,25800000,39102,1771,4.53,42,2.38,Y
CB_00035,BR_00086,CR_TK_170,2024-03-09,2024-04-08,24900000,1346,54,4.05,0,0.92,N
CB_00036,BR_00048,CR_YT_040,2024-04-17,2024-07-16,3100000,1083,30,2.8,0,1.38,N
CB_00037,BR_00065,CR_YT_023,2025-04-18,2025-05-02,5300000,15030,601,4.0,10,1.83,N
CB_00038,BR_00096,CR_YT_205,2024-07-18,2024-09-16,17300000,62092,2384,3.84,23,0.98,N
CB_00039,BR_00086,CR_TK_084,2025-04-20,2025-06-19,15900000,96967,3519,3.63,105,3.0,Y
CB_00040,BR_00057,CR_YT_072,2025-04-27,2025-05-27,2600000,97872,1047,1.07,8,0.85,N
CB_00041,BR_00038,CR_YT_064,2025-07-01,2025-08-30,1300000,6334,65,1.04,0,1.46,N
CB_00042,BR_00057,CR_YT_184,2024-07-01,2024-07-31,2400000,19314,604,3.13,12,2.05,Y
CB_00043,BR_00007,CR_TK_129,2025-10-12,2026-01-10,3000000,38223,1754,4.59,32,1.87,N
CB_00044,BR_00040,CR_YT_228,2024-02-23,2024-05-23,1100000,24235,986,4.07,36,3.75,Y
CB_00045,BR_00048,CR_TK_166,2024-09-01,2024-10-01,1200000,16582,822,4.96,13,1.68,Y
CB_00046,BR_00025,CR_TK_049,2024-03-05,2024-04-04,900000,1050,45,4.34,1,2.82,Y
CB_00047,BR_00093,CR_YT_086,2024-02-15,2024-04-15,49600000,46422,1063,2.29,28,2.69,Y
CB_00048,BR_00080,CR_YT_107,2025-07-08,2025-09-06,32600000,4289,79,1.86,1,1.75,N
CB_00049,BR_00023,CR_YT_008,2025-02-15,2025-03-17,1100000,23603,443,1.88,12,2.8,Y
CB_00050,BR_00036,CR_TK_033,2025-09-30,2025-10-30,700000,94431,2492,2.64,79,3.19,Y
CB_00051,BR_00064,CR_YT_053,2025-07-03,2025-10-01,9800000,455400,15483,3.4,608,3.93,Y
CB_00052,BR_00090,CR_YT_199,2024-05-16,2024-06-15,10800000,2120708,79526,3.75,3117,3.92,Y
CB_00053,BR_00086,CR_YT_247,2024-03-10,2024-04-09,7000000,377902,10581,2.8,242,2.29,N
CB_00054,BR_00095,CR_YT_120,2025-05-30,2025-08-28,71500000,33124,357,1.08,11,3.16,Y
CB_00055,BR_00016,CR_YT_159,2024-08-30,2024-10-29,1400000,3531878,43795,1.24,792,1.81,Y
CB_00057,BR_00057,CR_TK_079,2024-12-02,2025-01-01,1400000,34124,1378,4.04,31,2.32,Y
CB_00058,BR_00054,CR_TK_032,2024-10-22,2024-11-05,800000,20125,476,2.37,5,1.22,N
CB_00059,BR_00007,CR_TK_165,2024-09-11,2024-10-11,2900000,101250,2318,2.29,47,2.05,Y
CB_00060,BR_00001,CR_YT_034,2025-05-18,2025-06-01,1500000,27945,1388,4.97,52,3.78,Y
CB_00061,BR_00017,CR_YT_047,2024-06-26,2024-09-24,500000,186255,3389,1.82,77,2.28,Y
CB_00062,BR_00055,CR_TK_072,2025-04-23,2025-05-23,2000000,2035480,54957,2.7,1439,2.62,Y
CB_00063,BR_00039,CR_YT_147,2025-08-13,2025-10-12,3000000,18168,808,4.45,17,2.18,Y
CB_00064,BR_00047,CR_YT_204,2025-01-21,2025-02-20,3500000,2731,93,3.44,1,2.02,N
CB_00065,BR_00020,CR_TK_120,2025-05-08,2025-05-22,2500000,3277,43,1.33,1,3.67,Y
CB_00066,BR_00039,CR_TK_005,2025-07-04,2025-08-03,2100000,2816917,70986,2.52,1114,1.57,Y
CB_00067,BR_00037,CR_YT_193,2025-07-29,2025-10-27,3200000,19924,769,3.86,9,1.19,N
CB_00068,BR_00025,CR_YT_003,2024-01-14,2024-04-13,800000,87711,2298,2.62,45,1.96,Y
CB_00069,BR_00051,CR_TK_197,2025-01-17,2025-03-18,2600000,274785,9205,3.35,177,1.93,Y
CB_00071,BR_00099,CR_TK_168,2024-12-22,2025-03-22,81300000,56194,1387,2.47,9,0.7,N
CB_00072,BR_00050,CR_TK_175,2025-03-10,2025-04-09,1200000,3804,161,4.25,4,2.71,Y
CB_00073,BR_00087,CR_YT_015,2025-10-22,2025-11-21,14500000,213182,7930,3.72,110,1.39,Y
CB_00074,BR_00078,CR_YT_297,2024-06-14,2024-06-28,9100000,4046,155,3.85,2,1.85,N
CB_00075,BR_00091,CR_TK_001,2024-03-23,2024-06-21,83500000,25620,425,1.66,8,1.99,Y
CB_00076,BR_00089,CR_YT_155,2025-05-27,2025-08-25,20700000,2920,65,2.23,1,1.94,Y
CB_00077,BR_00094,CR_TK_146,2024-04-01,2024-04-15,79800000,102356,2436,2.38,24,1.0,N
CB_00078,BR_00096,CR_YT_108,2025-02-11,2025-03-13,15800000,12814,380,2.97,3,0.84,N
CB_00079,BR_00100,CR_TK_057,2025-03-03,2025-06-01,46500000,2515,68,2.72,0,1.12,N
CB_00080,BR_00024,CR_TK_061,2024-05-17,2024-06-16,1300000,675,9,1.44,0,2.48,N
CB_00081,BR_00028,CR_YT_096,2024-07-24,2024-08-07,3200000,33075,585,1.77,23,3.94,Y
CB_00082,BR_00053,CR_YT_226,2025-10-03,2026-01-01,1200000,37851,499,1.32,3,0.8,N
CB_00083,BR_00016,CR_YT_142,2024-03-06,2024-04-05,500000,117629,3458,2.94,109,3.16,Y
CB_00084,BR_00002,CR_YT_032,2024-09-29,2024-10-13,2700000,651417,7621,1.17,94,1.24,N
CB_00085,BR_00001,CR_YT_193,2025-09-09,2025-12-08,1500000,30537,1444,4.73,31,2.16,Y
CB_00086,BR_00044,CR_TK_010,2025-03-15,2025-04-14,2000000,2960413,148020,5.0,4973,3.36,Y
CB_00087,BR_00047,CR_TK_041,2025-02-12,2025-04-13,4200000,105702,4746,4.49,157,3.32,Y
CB_00088,BR_00001,CR_YT_234,2025-02-15,2025-03-17,400000,2236624,69782,3.12,2672,3.83,Y
CB_00089,BR_00097,CR_TK_118,2024-09-11,2024-10-11,26500000,17543,785,4.48,18,2.3,N
CB_00090,BR_00085,CR_YT_097,2024-01-04,2024-02-03,7900000,835397,9857,1.18,328,3.33,Y
CB_00091,BR_00042,CR_TK_048,2025-03-30,2025-04-29,3600000,922,31,3.45,0,0.78,N
CB_00092,BR_00055,CR_TK_181,2025-05-02,2025-05-16,4200000,19711,350,1.78,3,1.0,Y
CB_00093,BR_00067,CR_TK_149,2025-08-08,2025-11-06,4600000,283706,3830,1.35,130,3.41,Y
CB_00094,BR_00071,CR_TK_148,2025-04-23,2025-05-23,5600000,126145,3696,2.93,88,2.39,Y
CB_00095,BR_00032,CR_YT_109,2024-06-23,2024-07-07,600000,380551,4262,1.12,159,3.75,Y
CB_00096,BR_00042,CR_TK_163,2025-01-27,2025-02-26,2100000,1999,58,2.91,2,3.64,Y
CB_00097,BR_00016,CR_TK_041,2024-05-19,2024-08-17,1200000,70367,2941,4.18,48,1.66,Y
CB_00098,BR_00029,CR_TK_178,2025-08-12,2025-11-10,400000,2386,110,4.64,3,3.1,Y
CB_00099,BR_00093,CR_YT_196,2025-10-31,2026-01-29,76300000,26880,518,1.93,7,1.41,N
CB_00100,BR_00038,CR_YT_045,2024-04-24,2024-05-08,1800000,1737923,30413,1.75,1155,3.8,Y
CB_00101,BR_00074,CR_YT_189,2024-05-10,2024-06-09,11500000,186000,1878,1.01,13,0.72,N
CB_00102,BR_00069,CR_YT_098,2025-02-01,2025-04-02,10500000,49731,1849,3.72,60,3.29,Y
CB_00103,BR_00067,CR_TK_040,2025-09-08,2025-12-07,6900000,5902,185,3.15,3,2.11,Y
CB_00104,BR_00019,CR_TK_118,2024-10-30,2024-11-29,2700000,14049,479,3.41,4,1.01,N
CB_00105,BR_00086,CR_TK_135,2024-02-05,2024-05-05,13100000,64294,2411,3.75,35,1.46,N
CB_00106,BR_00091,CR_YT_294,2025-05-04,2025-06-03,55600000,30237,758,2.51,29,3.93,Y
CB_00107,BR_00043,CR_YT_079,2024-08-03,2024-09-02,1900000,2787990,124344,4.46,1405,1.13,Y
CB_00108,BR_00063,CR_TK_073,2025-02-05,2025-03-07,20500000,3036,133,4.39,5,3.97,Y
CB_00109,BR_00071,CR_YT_201,2024-12-11,2025-02-09,4600000,911164,36719,4.03,686,1.87,Y
CB_00110,BR_00068,CR_TK_073,2024-10-16,2024-11-15,11700000,1789,79,4.43,1,1.88,N
CB_00111,BR_00017,CR_YT_166,2025-08-17,2025-08-31,600000,50396,1426,2.83,15,1.07,N
CB_00113,BR_00084,CR_YT_005,2025-01-05,2025-04-05,6300000,467613,20715,4.43,377,1.82,Y
CB_00114,BR_00055,CR_TK_048,2024-06-21,2024-07-05,1700000,1530,26,1.72,0,0.68,N
CB_00115,BR_00066,CR_TK_033,2024-12-12,2025-03-12,8600000,43116,1677,3.89,22,1.36,N
CB_00116,BR_00016,CR_YT_124,2025-02-10,2025-04-11,800000,6649,112,1.69,3,3.11,Y
CB_00117,BR_00100,CR_TK_055,2024-04-01,2024-05-31,74200000,929,19,2.1,0,2.79,N
CB_00118,BR_00048,CR_YT_006,2024-05-02,2024-05-16,1200000,142581,5246,3.68,119,2.28,Y
CB_00119,BR_00003,CR_TK_001,2025-08-09,2025-11-07,1700000,22152,305,1.38,7,2.58,Y
CB_00120,BR_00050,CR_YT_248,2025-10-22,2025-12-21,1300000,1112326,25583,2.3,767,3.0,Y
CB_00121,BR_00069,CR_YT_095,2025-02-19,2025-03-05,11700000,558534,23067,4.13,544,2.36,Y
CB_00122,BR_00009,CR_YT_266,2025-08-21,2025-11-19,1000000,7059,105,1.5,3,3.14,Y
CB_00123,BR_00085,CR_TK_160,2024-04-30,2024-05-30,26900000,5265,53,1.02,1,2.07,N
CB_00124,BR_00041,CR_YT_063,2024-02-10,2024-03-11,2700000,1955,26,1.35,0,1.4,N
CB_00125,BR_00097,CR_YT_018,2024-03-27,2024-04-10,28300000,488603,15537,3.18,307,1.98,N
CB_00126,BR_00085,CR_YT_001,2024-09-11,2024-10-11,8500000,22036,1018,4.62,15,1.53,N
CB_00127,BR_00069,CR_YT_228,2024-05-23,2024-08-21,13300000,15276,708,4.64,28,3.99,Y
CB_00128,BR_00078,CR_YT_276,2025-06-06,2025-07-06,20600000,107511,1268,1.18,7,0.63,N
CB_00129,BR_00019,CR_YT_154,2024-08-08,2024-09-07,3000000,22408,546,2.44,5,0.95,N
CB_00130,BR_00080,CR_YT_217,2024-03-17,2024-06-15,15100000,725920,33464,4.61,635,1.9,N
CB_00131,BR_00011,CR_TK_184,2024-09-17,2024-11-16,3900000,1411,25,1.82,0,2.7,Y
CB_00132,BR_00035,CR_TK_025,2025-10-23,2025-11-22,4200000,74287,2666,3.59,61,2.29,N
CB_00133,BR_00021,CR_YT_215,2024-06-06,2024-07-06,3900000,34813,382,1.1,9,2.61,Y
CB_00134,BR_00010,CR_YT_139,2024-05-07,2024-08-05,1900000,39967,503,1.26,13,2.74,Y
CB_00135,BR_00047,CR_TK_166,2024-12-07,2025-01-06,2100000,23577,492,2.09,4,0.84,N
CB_00136,BR_00029,CR_YT_194,2024-04-17,2024-05-01,500000,3562,79,2.23,2,3.37,Y
CB_00137,BR_00063,CR_YT_049,2025-06-25,2025-07-25,16100000,23370,750,3.21,19,2.63,Y
CB_00138,BR_00007,CR_YT_088,2024-11-21,2025-01-20,1600000,144002,5342,3.71,174,3.26,Y
CB_00139,BR_00071,CR_TK_005,2025-02-16,2025-04-17,4200000,3180258,119259,3.75,3577,3.0,Y
CB_00140,BR_00085,CR_YT_065,2024-05-26,2024-07-25,20300000,1269,59,4.67,1,2.74,Y
CB_00141,BR_00048,CR_TK_063,2024-09-12,2024-12-11,2100000,14052,387,2.76,6,1.74,Y
CB_00142,BR_00060,CR_YT_258,2024-10-20,2024-11-19,700000,499464,19329,3.87,720,3.73,Y
CB_00143,BR_00030,CR_YT_157,2025-10-12,2025-10-26,1300000,417750,9399,2.25,77,0.82,N
CB_00144,BR_00011,CR_YT_040,2024-09-02,2024-09-16,1500000,718,28,3.97,0,2.44,Y
CB_00145,BR_00064,CR_TK_114,2024-01-11,2024-03-11,19600000,3763,58,1.55,1,2.24,Y
CB_00146,BR_00088,CR_TK_047,2025-06-29,2025-07-13,9000000,2348,108,4.64,3,3.11,Y
CB_00147,BR_00092,CR_YT_218,2025-07-01,2025-07-31,35200000,2036346,97744,4.8,3303,3.38,Y
CB_00148,BR_00068,CR_TK_051,2025-09-15,2025-09-29,10700000,180852,6691,3.7,240,3.59,Y
CB_00149,BR_00068,CR_TK_163,2024-08-18,2024-09-17,4600000,3596,109,3.05,4,3.83,Y
CB_00150,BR_00055,CR_YT_254,2025-01-23,2025-02-22,2800000,282792,13178,4.66,180,1.37,Y
CB_00151,BR_00070,CR_TK_136,2024-04-30,2024-05-30,7800000,43774,809,1.85,24,3.08,Y
CB_00152,BR_00073,CR_YT_202,2024-08-10,2024-09-09,9200000,2085,63,3.06,2,3.63,Y
CB_00153,BR_00060,CR_TK_157,2025-09-24,2025-11-23,200000,4179,118,2.84,1,1.54,N
CB_00154,BR_00014,CR_YT_003,2024-12-24,2025-01-23,1600000,49776,1353,2.72,16,1.19,N
CB_00155,BR_00068,CR_YT_264,2024-06-06,2024-08-05,5200000,794265,12867,1.62,360,2.8,Y
CB_00156,BR_00029,CR_YT_241,2025-02-08,2025-03-10,600000,1750651,30286,1.73,1011,3.34,Y
CB_00157,BR_00014,CR_YT_225,2025-03-25,2025-04-24,1000000,1585,16,1.02,0,3.59,Y
CB_00158,BR_00091,CR_YT_102,2024-04-23,2024-05-23,41500000,33158,888,2.68,14,1.66,Y
CB_00159,BR_00005,CR_YT_083,2024-07-22,2024-09-20,5000000,181550,2686,1.48,59,2.21,Y
CB_00160,BR_00064,CR_TK_110,2024-05-10,2024-06-09,21100000,5278,137,2.6,4,3.04,Y
CB_00161,BR_00095,CR_TK_132,2025-02-02,2025-03-04,30500000,5809,62,1.08,0,1.04,N
CB_00162,BR_00065,CR_YT_007,2024-08-30,2024-09-13,13200000,432178,21219,4.91,653,3.08,N
CB_00163,BR_00056,CR_YT_246,2024-10-23,2024-11-22,1200000,1050175,20898,1.99,215,1.03,Y
CB_00164,BR_00066,CR_YT_096,2024-09-12,2024-10-12,12300000,34496,1717,4.98,23,1.37,N
CB_00165,BR_00055,CR_YT_102,2025-04-30,2025-05-14,4100000,53388,918,1.72,36,3.97,Y
CB_00166,BR_00076,CR_TK_023,2025-10-11,2025-11-10,8900000,603617,6941,1.15,275,3.97,Y
CB_00167,BR_00019,CR_YT_219,2024-01-19,2024-04-18,1700000,40889,1030,2.52,24,2.34,N
CB_00168,BR_00090,CR_TK_025,2024-08-24,2024-09-23,14200000,68221,2073,3.04,57,2.75,Y
CB_00169,BR_00039,CR_YT_057,2024-10-02,2024-11-01,1400000,7437,198,2.67,3,1.62,Y
CB_00170,BR_00007,CR_YT_094,2024-02-11,2024-02-25,1200000,3545038,65583,1.85,1410,2.15,Y
CB_00171,BR_00078,CR_YT_052,2025-03-17,2025-04-16,11800000,589300,13789,2.34,122,0.89,N
CB_00172,BR_00086,CR_YT_007,2025-07-19,2025-08-18,13300000,644431,15788,2.45,509,3.23,Y
CB_00173,BR_00068,CR_TK_010,2025-01-15,2025-02-14,11200000,1480753,37611,2.54,1357,3.61,Y
CB_00174,BR_00017,CR_TK_023,2025-09-08,2025-09-22,200000,1440669,65406,4.54,2197,3.36,Y
CB_00175,BR_00025,CR_TK_061,2025-04-01,2025-04-15,300000,705,16,2.37,0,3.04,Y
CB_00176,BR_00098,CR_YT_104,2025-06-30,2025-07-30,22700000,365700,11702,3.2,161,1.38,N
CB_00177,BR_00098,CR_TK_137,2025-07-27,2025-08-26,73800000,13910,538,3.87,19,3.69,Y
CB_00178,BR_00009,CR_YT_248,2025-03-05,2025-06-03,1300000,1819184,19829,1.09,515,2.6,Y
CB_00179,BR_00090,CR_TK_196,2024-05-12,2024-06-11,8000000,15977,667,4.18,19,2.93,Y
CB_00180,BR_00095,CR_TK_118,2025-02-11,2025-04-12,70100000,20334,994,4.89,10,1.08,N
CB_00181,BR_00097,CR_YT_261,2025-01-28,2025-04-28,37600000,2136,44,2.09,0,1.14,N
CB_00182,BR_00021,CR_YT_293,2024-08-11,2024-11-09,3100000,180868,7524,4.16,157,2.09,Y
CB_00183,BR_00091,CR_TK_069,2025-06-21,2025-07-21,42800000,78957,3024,3.83,73,2.43,Y
CB_00184,BR_00022,CR_YT_115,2024-02-16,2024-05-16,1900000,169753,2699,1.59,96,3.59,Y
CB_00185,BR_00018,CR_YT_139,2024-02-22,2024-03-23,600000,26694,389,1.46,10,2.77,Y
CB_00186,BR_00081,CR_TK_010,2025-01-12,2025-02-11,9600000,2558602,81875,3.2,2480,3.03,Y
CB_00187,BR_00053,CR_TK_160,2025-09-18,2025-10-18,1800000,2384,101,4.26,3,3.38,Y
CB_00189,BR_00100,CR_YT_299,2024-04-18,2024-06-17,79200000,58163,2035,3.5,53,2.62,N
CB_00190,BR_00027,CR_TK_119,2025-03-28,2025-04-27,1600000,2550,89,3.52,3,3.5,Y
CB_00191,BR_00051,CR_YT_080,2025-04-01,2025-05-01,3300000,4137,65,1.59,1,2.18,Y
CB_00192,BR_00064,CR_YT_093,2025-04-15,2025-05-15,22300000,239154,7844,3.28,298,3.8,Y
CB_00193,BR_00024,CR_TK_032,2024-10-15,2024-10-29,1000000,22673,968,4.27,28,2.91,N
CB_00194,BR_00025,CR_YT_036,2024-05-26,2024-06-09,500000,5861,209,3.58,3,1.91,Y
CB_00195,BR_00093,CR_YT_270,2024-05-20,2024-06-03,55000000,114521,1236,1.08,41,3.39,Y
CB_00196,BR_00098,CR_TK_126,2025-10-21,2025-11-04,28000000,150698,3119,2.07,118,3.79,Y
CB_00197,BR_00077,CR_YT_007,2024-01-10,2024-01-24,22700000,685357,30224,4.41,241,0.8,N
CB_00198,BR_00018,CR_YT_246,2025-07-30,2025-09-28,500000,663431,19372,2.92,261,1.35,N
CB_00199,BR_00070,CR_TK_055,2024-09-30,2024-12-29,5600000,1074,15,1.41,0,1.54,N
CB_00200,BR_00066,CR_TK_154,2025-03-01,2025-03-31,3700000,7771,148,1.91,2,1.85,Y
CB_00201,BR_00046,CR_TK_036,2024-10-20,2024-11-19,3500000,7259,272,3.75,8,3.0,Y
CB_00202,BR_00015,CR_YT_252,2024-06-22,2024-07-06,1800000,29264,623,2.13,4,0.77,N
CB_00203,BR_00043,CR_YT_061,2025-01-04,2025-01-18,2200000,73585,1258,1.71,29,2.36,Y
CB_00204,BR_00077,CR_YT_093,2025-03-11,2025-04-10,31800000,428144,14985,3.5,224,1.5,N
CB_00205,BR_00014,CR_YT_139,2025-05-26,2025-06-25,2700000,50258,1934,3.85,14,0.77,N
CB_00206,BR_00001,CR_TK_142,2024-06-01,2024-07-01,800000,8356,325,3.89,10,3.25,Y
CB_00207,BR_00062,CR_TK_118,2024-03-09,2024-03-23,19800000,21689,457,2.11,3,0.82,N
CB_00208,BR_00017,CR_YT_094,2025-01-29,2025-02-28,400000,2608938,98356,3.77,1917,1.95,Y
CB_00209,BR_00082,CR_YT_171,2024-05-21,2024-06-20,13500000,29073,915,3.15,20,2.22,N
CB_00210,BR_00069,CR_TK_121,2024-08-23,2024-10-22,6700000,6017664,187149,3.11,6026,3.22,Y
CB_00211,BR_00096,CR_YT_113,2024-03-30,2024-04-29,32400000,5877,258,4.4,4,1.77,Y
CB_00212,BR_00061,CR_TK_191,2024-05-16,2024-05-30,5200000,14089,619,4.4,21,3.53,Y
CB_00213,BR_00018,CR_YT_151,2025-04-16,2025-05-16,500000,6185,292,4.73,5,1.97,N
CB_00214,BR_00027,CR_TK_124,2024-08-17,2024-08-31,2600000,764069,28881,3.78,288,1.0,N
CB_00215,BR_00094,CR_YT_014,2025-03-10,2025-04-09,31900000,107568,3582,3.33,77,2.17,Y
CB_00216,BR_00077,CR_TK_146,2024-06-10,2024-06-24,12400000,50212,994,1.98,5,0.54,N
CB_00217,BR_00054,CR_YT_077,2024-07-05,2024-09-03,1500000,557,21,3.79,0,1.55,N
CB_00218,BR_00053,CR_TK_070,2024-12-11,2025-02-09,3100000,615108,13224,2.15,138,1.05,N
CB_00219,BR_00083,CR_YT_017,2025-09-10,2025-10-10,5800000,10031,434,4.33,12,2.88,Y
CB_00220,BR_00059,CR_YT_284,2024-09-21,2024-12-20,1200000,81465,2191,2.69,23,1.05,N
CB_00222,BR_00096,CR_TK_200,2025-07-26,2025-10-24,54800000,3341,95,2.87,1,1.6,Y
CB_00223,BR_00083,CR_YT_208,2025-01-24,2025-02-23,2700000,21793,588,2.7,8,1.44,Y
CB_00224,BR_00014,CR_YT_040,2025-01-06,2025-04-06,2400000,1096,21,1.96,0,1.07,N
CB_00225,BR_00014,CR_YT_034,2024-08-04,2024-11-02,700000,73796,1291,1.75,15,1.21,N
CB_00226,BR_00005,CR_YT_124,2024-10-02,2024-10-16,5100000,6454,209,3.25,6,3.27,Y
CB_00227,BR_00006,CR_YT_025,2024-11-18,2024-12-02,4300000,210,5,2.43,0,1.49,N
CB_00228,BR_00051,CR_YT_257,2024-07-18,2024-08-17,3400000,815629,39965,4.9,1182,2.96,Y
CB_00229,BR_00013,CR_YT_170,2025-02-21,2025-05-22,1300000,3813,61,1.6,1,2.56,Y
CB_00230,BR_00049,CR_YT_245,2025-08-23,2025-09-06,1600000,831,23,2.85,0,3.6,Y
CB_00231,BR_00012,CR_TK_188,2024-08-25,2024-09-24,2200000,1495,60,4.08,0,1.06,N
CB_00232,BR_00065,CR_YT_265,2025-09-15,2025-12-14,16500000,1384,57,4.14,0,1.69,N
CB_00233,BR_00047,CR_TK_020,2025-03-17,2025-03-31,5400000,43007,1096,2.55,13,1.23,N
CB_00234,BR_00079,CR_TK_011,2024-03-17,2024-04-16,6600000,4345,60,1.39,0,0.55,N
CB_00235,BR_00099,CR_TK_146,2024-11-12,2025-02-10,93700000,104054,4765,4.58,107,2.25,Y
CB_00236,BR_00059,CR_YT_161,2024-06-22,2024-07-22,700000,1100594,26964,2.45,218,0.81,N
CB_00237,BR_00023,CR_TK_064,2025-04-16,2025-05-16,4200000,38665,1565,4.05,32,2.05,Y
CB_00238,BR_00018,CR_TK_182,2024-05-06,2024-08-04,400000,1134,24,2.15,0,1.93,N
CB_00239,BR_00080,CR_TK_170,2024-05-12,2024-07-11,18000000,2008,96,4.81,1,1.81,N
CB_00240,BR_00088,CR_YT_212,2025-06-02,2025-08-01,7300000,680571,25385,3.73,677,2.67,Y
CB_00241,BR_00083,CR_YT_030,2024-09-07,2024-12-06,2400000,39448,852,2.16,8,1.05,Y
CB_00242,BR_00052,CR_TK_138,2024-03-15,2024-04-14,2400000,17555,240,1.37,5,2.13,N
CB_00243,BR_00083,CR_YT_274,2025-04-21,2025-05-05,2900000,4948,231,4.67,8,3.73,Y
CB_00244,BR_00099,CR_YT_222,2024-07-23,2024-09-21,51700000,17109,853,4.99,18,2.2,Y
CB_00245,BR_00090,CR_TK_080,2025-05-02,2025-05-16,12900000,134448,2178,1.62,46,2.14,Y
CB_00246,BR_00082,CR_YT_110,2024-11-23,2025-02-21,6900000,2989,75,2.52,2,3.78,Y
CB_00247,BR_00047,CR_TK_105,2025-03-16,2025-05-15,2400000,64798,706,1.09,22,3.16,Y
CB_00248,BR_00055,CR_YT_139,2024-09-15,2024-10-15,1700000,21175,554,2.62,8,1.54,Y
CB_00249,BR_00092,CR_YT_232,2025-03-05,2025-06-03,33400000,1782,31,1.74,0,0.69,N
CB_00250,BR_00055,CR_YT_176,2024-10-31,2024-11-30,2100000,54406,1594,2.93,37,2.37,Y
CB_00251,BR_00021,CR_TK_195,2025-03-23,2025-04-22,3700000,2238,96,4.29,2,2.46,Y
CB_00252,BR_00077,CR_YT_102,2024-03-20,2024-06-18,24600000,43587,2157,4.95,81,3.79,Y
CB_00253,BR_00096,CR_TK_123,2024-11-20,2024-12-04,22600000,810939,12893,1.59,455,3.53,Y
CB_00254,BR_00015,CR_TK_106,2025-02-20,2025-03-22,2700000,1327,37,2.8,1,3.41,Y
CB_00255,BR_00017,CR_TK_025,2025-04-05,2025-07-04,200000,49504,2435,4.92,47,1.97,Y
CB_00256,BR_00070,CR_TK_097,2024-06-19,2024-09-17,8800000,76228,3666,4.81,142,3.9,Y
CB_00257,BR_00074,CR_TK_190,2024-01-15,2024-02-14,10200000,146,6,4.59,0,2.26,Y
CB_00258,BR_00016,CR_TK_059,2025-05-26,2025-07-25,900000,3458,149,4.31,2,1.99,Y
CB_00259,BR_00098,CR_YT_172,2024-04-26,2024-05-26,47600000,21266,682,3.21,7,1.07,N
CB_00260,BR_00056,CR_YT_196,2024-10-18,2024-12-17,1400000,34733,1649,4.75,60,3.67,Y
CB_00261,BR_00013,CR_YT_045,2024-04-16,2024-04-30,3000000,1777267,47097,2.65,1054,2.24,Y
CB_00262,BR_00097,CR_TK_020,2025-07-11,2025-07-25,32600000,33650,1420,4.22,40,2.84,N
CB_00263,BR_00054,CR_YT_109,2024-08-16,2024-10-15,1200000,152093,6737,4.43,258,3.83,Y
CB_00264,BR_00045,CR_TK_196,2025-04-20,2025-06-19,5400000,17189,711,4.14,13,1.89,N
CB_00265,BR_00048,CR_TK_101,2024-08-17,2024-11-15,1700000,191827,3951,2.06,135,3.43,Y
CB_00266,BR_00054,CR_TK_045,2024-09-04,2024-09-18,1700000,17722,187,1.06,1,1.04,N
CB_00267,BR_00048,CR_TK_131,2025-06-15,2025-09-13,1800000,57505,1891,3.29,38,2.01,Y
CB_00268,BR_00072,CR_TK_199,2025-02-04,2025-03-06,16000000,2106,25,1.21,0,3.76,Y
CB_00269,BR_00055,CR_YT_066,2025-10-13,2025-12-12,5200000,6531,301,4.62,6,2.31,Y
CB_00270,BR_00056,CR_YT_119,2024-04-11,2024-05-11,1200000,616762,25533,4.14,880,3.45,Y
CB_00271,BR_00081,CR_TK_170,2024-09-23,2024-12-22,11300000,1210,16,1.37,0,0.59,N
CB_00272,BR_00002,CR_TK_022,2025-08-30,2025-09-29,1000000,8534,399,4.68,3,0.78,N
CB_00273,BR_00049,CR_YT_013,2024-05-13,2024-07-12,2400000,195968,3429,1.75,95,2.78,Y
CB_00274,BR_00029,CR_YT_153,2024-07-17,2024-10-15,1200000,7597,321,4.23,5,1.82,Y
CB_00275,BR_00034,CR_TK_038,2024-02-22,2024-03-23,1100000,21841,238,1.09,9,3.95,Y
CB_00276,BR_00014,CR_YT_057,2025-04-15,2025-07-14,1000000,5543,113,2.05,1,1.13,N
CB_00277,BR_00010,CR_YT_254,2025-01-05,2025-02-04,3100000,465792,5077,1.09,38,0.76,N
CB_00278,BR_00081,CR_YT_040,2024-08-03,2024-10-02,16300000,1066,49,4.63,1,3.33,Y
CB_00279,BR_00024,CR_YT_153,2024-01-11,2024-02-10,1500000,6994,309,4.42,2,0.91,N
CB_00280,BR_00044,CR_YT_178,2025-05-10,2025-08-08,2600000,18313,565,3.09,7,1.39,N
CB_00281,BR_00016,CR_YT_099,2025-09-12,2025-09-26,1100000,640,25,4.04,0,1.26,N
CB_00282,BR_00047,CR_YT_059,2024-08-10,2024-08-24,2900000,846954,33115,3.91,1255,3.79,Y
CB_00283,BR_00035,CR_YT_141,2025-05-08,2025-06-07,5200000,378349,12145,3.21,185,1.53,N
CB_00284,BR_00096,CR_TK_115,2025-05-22,2025-07-21,39400000,427670,7569,1.77,84,1.11,N
CB_00285,BR_00088,CR_TK_134,2024-10-14,2024-12-13,5300000,10709,358,3.35,3,1.08,N
CB_00286,BR_00027,CR_TK_189,2025-05-14,2025-07-13,3000000,44376,1770,3.99,59,3.36,Y
CB_00287,BR_00080,CR_YT_056,2025-09-13,2025-11-12,19600000,256455,6411,2.5,173,2.71,Y
CB_00288,BR_00009,CR_YT_231,2024-06-20,2024-07-04,1300000,1790486,47268,2.64,1233,2.61,Y
CB_00289,BR_00083,CR_TK_187,2025-06-27,2025-07-27,5100000,25649,1087,4.24,21,2.0,Y
CB_00290,BR_00024,CR_YT_184,2024-09-08,2024-09-22,800000,11932,188,1.58,3,1.6,N
CB_00291,BR_00002,CR_YT_164,2024-01-12,2024-02-11,1500000,8812,201,2.29,2,1.31,N
CB_00292,BR_00009,CR_YT_198,2024-10-17,2025-01-15,500000,48194,1561,3.24,46,3.01,Y
CB_00293,BR_00086,CR_YT_039,2025-08-10,2025-10-09,20400000,2871,122,4.25,1,1.19,N
CB_00294,BR_00007,CR_TK_111,2025-05-20,2025-07-19,1200000,428527,6342,1.48,131,2.08,Y
CB_00295,BR_00077,CR_YT_168,2025-08-28,2025-10-27,14800000,87363,934,1.07,30,3.24,Y
CB_00296,BR_00074,CR_YT_003,2025-04-17,2025-05-17,4100000,149233,1716,1.15,40,2.37,Y
CB_00297,BR_00068,CR_YT_021,2024-12-11,2024-12-25,4600000,41119,1731,4.21,52,3.03,Y
CB_00298,BR_00036,CR_YT_163,2024-12-20,2025-02-18,800000,1188558,35419,2.98,233,0.66,N
CB_00299,BR_00039,CR_TK_057,2025-04-10,2025-06-09,2800000,4766,71,1.49,1,1.81,Y
CB_00300,BR_00080,CR_YT_053,2024-01-30,2024-02-29,9800000,153215,2175,1.42,35,1.63,N
CB_00301,BR_00089,CR_TK_071,2025-03-22,2025-04-21,10500000,2852,131,4.61,2,1.79,Y
CB_00302,BR_00069,CR_YT_003,2024-02-23,2024-03-24,19600000,53328,634,1.19,9,1.57,Y
CB_00303,BR_00034,CR_YT_169,2025-09-19,2025-11-18,1600000,8422,130,1.55,2,2.11,Y
CB_00304,BR_00017,CR_YT_164,2024-05-31,2024-08-29,700000,12194,323,2.65,6,2.06,Y
CB_00306,BR_00094,CR_YT_248,2024-08-19,2024-09-02,49100000,1431556,19039,1.33,466,2.45,Y
CB_00307,BR_00032,CR_TK_038,2025-10-24,2025-11-23,1300000,19401,578,2.98,7,1.24,Y
CB_00308,BR_00086,CR_YT_111,2025-04-24,2025-06-23,10500000,7417,135,1.83,3,2.57,Y
CB_00309,BR_00041,CR_TK_090,2024-11-15,2025-01-14,2900000,47696,677,1.42,6,0.96,N
CB_00310,BR_00047,CR_YT_198,2025-04-08,2025-07-07,3700000,87599,1532,1.75,22,1.47,N
CB_00311,BR_00022,CR_TK_052,2024-11-10,2025-02-08,3300000,4479,201,4.5,6,3.11,Y
CB_00312,BR_00031,CR_YT_009,2025-04-16,2025-05-16,1900000,167004,5210,3.12,90,1.73,Y
CB_00313,BR_00016,CR_TK_175,2025-07-17,2025-07-31,900000,5142,133,2.59,2,2.01,Y
CB_00315,BR_00025,CR_YT_151,2024-07-12,2024-09-10,400000,4517,154,3.43,3,2.32,Y
CB_00316,BR_00014,CR_TK_049,2024-02-21,2024-03-22,2800000,1277,15,1.21,0,0.62,N
CB_00317,BR_00035,CR_YT_123,2024-03-08,2024-06-06,1800000,159763,5559,3.48,167,3.01,Y
CB_00318,BR_00051,CR_YT_202,2024-04-13,2024-05-13,3400000,1969,40,2.07,0,1.22,N
CB_00319,BR_00027,CR_YT_178,2025-10-14,2025-11-13,2500000,29208,295,1.01,3,1.15,N
CB_00320,BR_00090,CR_TK_019,2025-05-03,2025-06-02,25100000,100633,1690,1.68,48,2.89,Y
CB_00321,BR_00022,CR_YT_096,2024-12-06,2025-02-04,1600000,12491,362,2.9,6,1.67,Y
CB_00322,BR_00023,CR_TK_199,2024-09-27,2024-10-11,1600000,3000,31,1.04,0,1.73,N
CB_00323,BR_00061,CR_YT_299,2024-01-02,2024-03-02,15900000,75359,889,1.18,4,0.56,N
CB_00324,BR_00088,CR_YT_149,2024-08-21,2024-11-19,10200000,107264,4397,4.1,37,0.85,N
CB_00325,BR_00095,CR_YT_172,2025-04-08,2025-06-07,73500000,36810,747,2.03,16,2.2,N
CB_00326,BR_00047,CR_YT_235,2024-01-14,2024-02-13,2800000,369887,11355,3.07,320,2.82,Y
CB_00327,BR_00077,CR_YT_248,2024-04-25,2024-05-25,26400000,2238009,24170,1.08,949,3.93,Y
CB_00328,BR_00029,CR_TK_038,2024-05-25,2024-06-24,800000,25418,1006,3.96,39,3.91,Y
CB_00329,BR_00047,CR_YT_106,2024-04-01,2024-05-01,5500000,9184,131,1.43,1,1.46,N
CB_00330,BR_00081,CR_TK_048,2025-07-11,2025-09-09,30400000,1426,24,1.7,0,3.69,Y
CB_00331,BR_00045,CR_TK_155,2024-12-05,2025-02-03,4000000,14343,301,2.1,3,1.17,N
CB_00332,BR_00075,CR_YT_267,2024-12-17,2025-03-17,11500000,7368,240,3.27,7,3.27,Y
CB_00333,BR_00045,CR_YT_148,2024-04-22,2024-05-06,3600000,146315,4199,2.87,43,1.03,N
CB_00334,BR_00038,CR_TK_020,2025-07-25,2025-08-24,1700000,26218,1101,4.2,6,0.55,N
CB_00335,BR_00006,CR_YT_112,2024-10-16,2025-01-14,1500000,46837,477,1.02,8,1.73,N
CB_00336,BR_00001,CR_YT_026,2024-09-14,2024-10-14,800000,233155,10352,4.44,292,2.83,Y
CB_00337,BR_00099,CR_YT_288,2024-06-07,2024-06-21,81700000,61014,2397,3.93,48,2.01,Y
CB_00338,BR_00011,CR_YT_149,2024-08-12,2024-08-26,2500000,72224,3069,4.25,83,2.73,Y
CB_00339,BR_00055,CR_YT_205,2024-04-10,2024-05-10,5000000,91918,1553,1.69,31,2.03,Y
CB_00340,BR_00042,CR_TK_112,2025-08-15,2025-09-14,3900000,9345,143,1.54,3,2.44,Y
CB_00341,BR_00039,CR_YT_157,2024-03-28,2024-04-27,2100000,523391,16643,3.18,302,1.82,Y
CB_00342,BR_00056,CR_YT_050,2024-05-21,2024-08-19,1100000,2538,120,4.74,3,2.99,Y
CB_00343,BR_00060,CR_YT_182,2025-03-13,2025-05-12,400000,7500,83,1.11,2,2.46,N
CB_00344,BR_00099,CR_YT_216,2024-03-31,2024-04-30,74000000,593,11,1.97,0,2.29,Y
CB_00345,BR_00017,CR_TK_018,2025-07-10,2025-10-08,700000,889,38,4.38,0,0.94,N
CB_00346,BR_00086,CR_YT_004,2025-04-18,2025-07-17,15900000,1438,17,1.22,0,3.4,Y
CB_00347,BR_00084,CR_YT_055,2024-12-07,2025-03-07,6300000,3378,98,2.93,1,1.66,Y
CB_00348,BR_00008,CR_YT_063,2025-08-21,2025-11-19,3100000,911,16,1.82,0,1.0,Y
CB_00349,BR_00095,CR_TK_196,2025-05-22,2025-06-21,38300000,17664,778,4.41,12,1.55,N
CB_00350,BR_00040,CR_TK_069,2024-01-07,2024-03-07,3200000,76713,974,1.27,10,1.04,N
CB_00351,BR_00016,CR_YT_267,2024-04-09,2024-05-09,700000,5496,237,4.33,4,2.05,Y
CB_00352,BR_00008,CR_TK_175,2024-05-04,2024-06-03,2100000,10947,468,4.28,16,3.45,Y
CB_00353,BR_00070,CR_YT_134,2025-09-19,2025-11-18,14700000,79775,2177,2.73,59,2.73,Y
CB_00354,BR_00024,CR_YT_073,2024-09-03,2024-10-03,1300000,103180,1857,1.8,40,2.18,N
CB_00355,BR_00038,CR_TK_042,2024-04-12,2024-07-11,2200000,30382,777,2.56,22,2.94,Y
CB_00356,BR_00014,CR_YT_238,2025-03-02,2025-05-01,1000000,7387,109,1.48,2,1.86,Y
CB_00358,BR_00093,CR_YT_235,2024-10-10,2024-10-24,77200000,380928,16837,4.42,380,2.26,Y
CB_00359,BR_00045,CR_TK_163,2025-06-21,2025-08-20,3700000,1771,28,1.61,0,2.8,Y
CB_00360,BR_00073,CR_YT_174,2025-04-15,2025-05-15,4500000,2184,48,2.21,0,1.88,N
CB_00361,BR_00083,CR_YT_248,2025-01-20,2025-03-21,6500000,1215261,46544,3.83,1056,2.27,Y
CB_00362,BR_00085,CR_YT_270,2024-09-22,2024-10-22,23200000,142997,4747,3.32,121,2.55,Y
CB_00363,BR_00052,CR_YT_035,2024-02-16,2024-03-01,3900000,11066,153,1.39,1,0.87,N
CB_00364,BR_00087,CR_YT_244,2024-11-27,2024-12-27,32100000,6610,259,3.93,3,1.33,Y
CB_00365,BR_00023,CR_TK_073,2025-01-28,2025-03-29,4000000,1431,28,2.0,0,0.63,N
CB_00366,BR_00096,CR_YT_038,2025-03-28,2025-04-27,43800000,2920616,136976,4.69,2219,1.62,Y
CB_00367,BR_00090,CR_YT_231,2025-01-21,2025-02-20,28000000,2584014,46512,1.8,641,1.38,N
CB_00368,BR_00057,CR_TK_048,2024-10-19,2024-11-18,1200000,670,28,4.26,0,3.33,Y
CB_00369,BR_00025,CR_YT_045,2025-08-19,2025-09-02,700000,1862951,33719,1.81,1126,3.34,Y
CB_00370,BR_00001,CR_YT_185,2025-02-21,2025-05-22,1000000,1289,22,1.74,0,3.05,Y
CB_00371,BR_00094,CR_TK_029,2025-06-24,2025-08-23,43100000,1993,85,4.31,1,2.25,Y
CB_00372,BR_00046,CR_TK_017,2025-07-26,2025-08-25,3200000,6595,230,3.5,8,3.56,Y
CB_00374,BR_00043,CR_YT_012,2024-08-17,2024-09-16,2300000,3306,125,3.81,0,0.74,N
CB_00375,BR_00021,CR_TK_196,2024-10-21,2024-11-04,2600000,10972,336,3.07,8,2.64,Y
CB_00376,BR_00040,CR_YT_205,2025-09-25,2025-10-09,2900000,117297,3905,3.33,147,3.78,Y
CB_00377,BR_00034,CR_TK_035,2024-01-31,2024-02-14,1800000,530132,12405,2.34,394,3.18,Y
CB_00379,BR_00010,CR_TK_113,2025-07-31,2025-10-29,4400000,809444,9227,1.14,362,3.93,Y
CB_00380,BR_00054,CR_TK_007,2025-09-19,2025-10-03,1600000,69244,1052,1.52,31,3.03,Y
CB_00381,BR_00014,CR_YT_019,2025-05-23,2025-08-21,1200000,51871,1509,2.91,48,3.24,Y
CB_00382,BR_00030,CR_YT_011,2024-02-26,2024-03-11,1100000,13234,415,3.14,14,3.51,Y
CB_00383,BR_00088,CR_TK_051,2024-01-19,2024-04-18,10000000,108079,2712,2.51,25,0.94,N
CB_00384,BR_00090,CR_YT_219,2025-07-16,2025-08-15,9500000,18028,623,3.46,22,3.66,Y
CB_00385,BR_00046,CR_YT_100,2024-12-17,2025-02-15,3500000,666941,9137,1.37,49,0.54,N
CB_00386,BR_00053,CR_TK_083,2025-07-03,2025-10-01,1100000,2125947,95455,4.49,1307,1.37,N
CB_00387,BR_00008,CR_YT_040,2024-02-28,2024-03-29,2200000,1024,23,2.26,0,2.61,Y
CB_00388,BR_00032,CR_YT_150,2024-05-12,2024-08-10,900000,378764,13749,3.63,105,0.77,N
CB_00389,BR_00070,CR_YT_106,2025-05-21,2025-06-20,15200000,14390,398,2.77,6,1.56,N
CB_00390,BR_00047,CR_TK_100,2025-07-18,2025-08-17,5300000,23756,1085,4.57,17,1.62,N
CB_00391,BR_00070,CR_YT_258,2024-04-16,2024-04-30,8400000,444154,21319,4.8,469,2.2,Y
CB_00393,BR_00019,CR_YT_019,2024-08-28,2024-10-27,3200000,58411,852,1.46,19,2.25,N
CB_00394,BR_00005,CR_YT_139,2024-10-11,2025-01-09,2800000,50903,682,1.34,10,1.48,N
CB_00395,BR_00079,CR_YT_197,2025-05-22,2025-06-05,8700000,199,2,1.18,0,1.22,N
CB_00396,BR_00024,CR_TK_038,2025-03-17,2025-06-15,600000,27579,874,3.17,15,1.72,N
CB_00397,BR_00004,CR_TK_166,2025-09-15,2025-10-15,1500000,25610,1085,4.24,27,2.57,Y
CB_00398,BR_00097,CR_YT_015,2024-12-15,2025-03-15,25900000,206754,8104,3.92,248,3.07,Y
CB_00399,BR_00008,CR_TK_114,2024-04-21,2024-07-20,2100000,3197,118,3.71,4,3.5,Y
CB_00400,BR_00069,CR_YT_238,2025-03-10,2025-06-08,17000000,12144,247,2.04,9,3.86,Y
CB_00401,BR_00060,CR_TK_082,2024-08-31,2024-09-30,700000,2679,99,3.73,1,1.46,N
CB_00402,BR_00032,CR_TK_095,2025-07-09,2025-08-08,800000,31375,1085,3.46,19,1.77,Y
CB_00403,BR_00085,CR_YT_129,2025-10-30,2026-01-28,7800000,222977,8116,3.64,278,3.43,Y
CB_00404,BR_00023,CR_YT_228,2025-04-18,2025-05-02,2400000,18269,887,4.86,19,2.18,Y
CB_00405,BR_00072,CR_YT_112,2025-02-22,2025-03-08,15400000,26870,1233,4.59,29,2.43,N
CB_00406,BR_00009,CR_YT_226,2024-07-03,2024-08-02,1100000,25532,1143,4.48,10,0.95,N
CB_00407,BR_00081,CR_YT_090,2024-05-30,2024-08-28,22800000,43850,1587,3.62,18,1.14,N
CB_00408,BR_00065,CR_TK_141,2025-03-26,2025-06-24,8500000,2034,38,1.91,1,3.83,Y
CB_00409,BR_00034,CR_TK_200,2024-09-20,2024-10-04,2700000,3447,83,2.41,2,3.01,Y
CB_00410,BR_00077,CR_YT_121,2024-12-24,2025-01-07,10600000,47884,1455,3.04,19,1.33,N
CB_00411,BR_00042,CR_YT_293,2025-01-15,2025-03-16,1600000,120208,2560,2.13,15,0.59,N
CB_00412,BR_00078,CR_TK_104,2025-01-03,2025-02-02,26400000,11653,291,2.5,11,3.8,Y
CB_00413,BR_00038,CR_TK_019,2024-02-01,2024-03-02,1800000,66142,1058,1.6,27,2.57,Y
CB_00414,BR_00014,CR_TK_012,2024-08-04,2024-09-03,1800000,710099,21515,3.03,546,2.54,Y
CB_00415,BR_00045,CR_TK_182,2024-08-08,2024-10-07,5000000,684,26,3.91,0,1.83,N
CB_00416,BR_00084,CR_YT_041,2024-03-20,2024-04-19,13100000,61208,2154,3.52,66,3.07,Y
CB_00417,BR_00069,CR_TK_076,2024-05-04,2024-08-02,18200000,1024310,37284,3.64,864,2.32,Y
CB_00418,BR_00041,CR_YT_138,2024-07-18,2024-10-16,1900000,2063009,40641,1.97,1296,3.19,Y
CB_00419,BR_00047,CR_YT_119,2025-04-11,2025-05-11,4800000,327963,6428,1.96,196,3.06,Y
CB_00420,BR_00053,CR_YT_186,2024-03-22,2024-04-21,2500000,56817,1392,2.45,30,2.19,Y
CB_00421,BR_00030,CR_YT_230,2025-03-04,2025-04-03,900000,13689,205,1.5,4,2.38,Y
CB_00422,BR_00100,CR_TK_166,2025-02-21,2025-05-22,61900000,19999,835,4.18,14,1.7,N
CB_00423,BR_00016,CR_YT_042,2025-02-22,2025-04-23,1100000,33369,994,2.98,35,3.59,Y
CB_00424,BR_00026,CR_TK_161,2024-07-03,2024-09-01,800000,697,14,2.05,0,2.44,N
CB_00425,BR_00061,CR_TK_081,2024-04-13,2024-05-13,15800000,18117,199,1.1,2,1.08,N
CB_00426,BR_00010,CR_YT_068,2025-06-11,2025-09-09,5300000,1463,35,2.42,0,1.91,N
CB_00427,BR_00072,CR_YT_124,2024-10-27,2024-11-10,11300000,8074,189,2.35,4,2.63,Y
CB_00428,BR_00014,CR_TK_070,2024-02-16,2024-03-01,2300000,435567,12195,2.8,235,1.93,Y
CB_00429,BR_00058,CR_TK_080,2025-03-22,2025-04-21,3700000,309311,12155,3.93,368,3.03,Y
CB_00430,BR_00076,CR_TK_170,2025-06-05,2025-06-19,7700000,730,24,3.37,0,2.86,Y
CB_00431,BR_00059,CR_YT_195,2024-11-24,2025-01-23,700000,106238,2252,2.12,72,3.21,N
CB_00432,BR_00030,CR_YT_153,2025-05-20,2025-06-19,400000,6273,194,3.1,4,2.28,Y
CB_00433,BR_00055,CR_YT_147,2024-11-26,2025-01-25,2600000,17546,275,1.57,9,3.35,Y
CB_00434,BR_00095,CR_TK_152,2024-08-03,2024-10-02,58700000,15533,537,3.46,4,0.85,N
CB_00435,BR_00037,CR_YT_085,2024-05-01,2024-05-31,2400000,804540,36526,4.54,551,1.51,Y
CB_00436,BR_00034,CR_TK_011,2024-04-18,2024-05-18,2700000,1814,33,1.83,1,3.44,Y
CB_00437,BR_00097,CR_YT_087,2024-01-29,2024-04-28,41700000,66056,2087,3.16,68,3.3,Y
CB_00438,BR_00001,CR_YT_251,2024-01-27,2024-02-26,600000,1092198,35824,3.28,1096,3.06,Y
CB_00439,BR_00067,CR_YT_065,2025-04-09,2025-05-09,15700000,2041,95,4.68,0,0.92,N
CB_00440,BR_00056,CR_YT_253,2024-09-26,2024-10-10,1700000,25628,1007,3.93,9,0.91,N
CB_00441,BR_00046,CR_TK_112,2024-03-21,2024-04-20,3000000,11125,337,3.03,4,1.47,N
CB_00442,BR_00081,CR_TK_077,2025-06-09,2025-06-23,24000000,7083,332,4.7,6,2.02,Y
CB_00443,BR_00091,CR_TK_107,2025-06-17,2025-07-17,35200000,1965,85,4.35,2,2.69,Y
CB_00444,BR_00082,CR_TK_022,2024-01-09,2024-02-08,8900000,6133,292,4.77,8,2.86,Y
CB_00445,BR_00034,CR_YT_241,2024-06-04,2024-08-03,3100000,2345061,49949,2.13,599,1.2,N
CB_00446,BR_00012,CR_TK_187,2025-06-12,2025-07-12,600000,23572,761,3.23,9,1.23,N
CB_00447,BR_00023,CR_YT_020,2025-03-04,2025-04-03,3000000,125076,2426,1.94,41,1.72,N
CB_00448,BR_00068,CR_TK_037,2024-07-03,2024-08-02,13300000,841,30,3.67,0,2.22,N
CB_00449,BR_00081,CR_YT_201,2025-09-04,2025-10-04,20200000,477757,8981,1.88,347,3.87,Y
CB_00450,BR_00097,CR_TK_092,2024-10-21,2024-12-20,44000000,2882,105,3.65,0,0.91,N
CB_00451,BR_00060,CR_TK_190,2024-11-22,2024-12-06,400000,261,3,1.51,0,3.59,Y
CB_00452,BR_00063,CR_TK_008,2025-02-25,2025-03-27,5600000,156425,2909,1.86,101,3.48,Y
CB_00453,BR_00053,CR_YT_032,2025-07-29,2025-08-28,1700000,407567,10474,2.57,214,2.05,Y
CB_00454,BR_00052,CR_YT_134,2024-02-25,2024-03-26,2700000,50570,1795,3.55,11,0.66,N
CB_00455,BR_00058,CR_YT_210,2024-08-14,2024-11-12,4100000,2711447,111711,4.12,994,0.89,N
CB_00456,BR_00079,CR_TK_013,2024-12-03,2025-01-02,6800000,1623,63,3.89,2,3.31,Y
CB_00457,BR_00012,CR_TK_100,2024-12-07,2025-01-06,2100000,34015,1231,3.62,28,2.32,Y
CB_00458,BR_00047,CR_YT_275,2024-07-22,2024-08-21,5200000,189887,7348,3.87,111,1.52,N
CB_00459,BR_00021,CR_TK_167,2025-01-17,2025-02-16,2200000,2093,41,1.99,0,0.55,N
CB_00460,BR_00003,CR_TK_087,2025-06-23,2025-07-07,1700000,2274,26,1.17,0,1.49,N
CB_00461,BR_00004,CR_YT_118,2025-10-08,2025-11-07,400000,90102,3829,4.25,69,1.82,Y
CB_00462,BR_00052,CR_YT_068,2024-10-03,2024-10-17,1400000,1037,39,3.81,1,3.06,N
CB_00463,BR_00003,CR_YT_008,2025-07-08,2025-10-06,2600000,19554,655,3.35,12,1.87,Y
CB_00464,BR_00078,CR_TK_140,2024-11-15,2024-12-15,15300000,2226,49,2.21,1,2.11,Y
CB_00465,BR_00013,CR_YT_136,2025-08-13,2025-10-12,2200000,401609,7590,1.89,145,1.92,Y
CB_00466,BR_00036,CR_YT_248,2024-10-18,2025-01-16,1700000,1592432,79143,4.97,2413,3.05,Y
CB_00467,BR_00048,CR_TK_091,2025-07-13,2025-07-27,2200000,2450,26,1.1,0,3.2,Y
CB_00468,BR_00058,CR_YT_190,2025-05-03,2025-08-01,1500000,748643,11828,1.58,319,2.7,N
CB_00469,BR_00011,CR_YT_049,2025-07-28,2025-08-27,1700000,24712,832,3.37,6,0.79,N
CB_00470,BR_00052,CR_TK_016,2025-04-29,2025-07-28,3500000,441110,8513,1.93,271,3.19,N
CB_00471,BR_00033,CR_YT_211,2024-11-14,2024-12-14,5000000,399,15,3.76,0,2.6,Y
CB_00472,BR_00001,CR_YT_138,2024-08-02,2024-10-31,1300000,2933574,66005,2.25,1834,2.78,Y
CB_00473,BR_00042,CR_YT_237,2025-05-09,2025-08-07,3400000,62507,2456,3.93,91,3.72,Y
CB_00474,BR_00055,CR_TK_059,2024-03-20,2024-05-19,1800000,2036,62,3.08,0,0.93,N
CB_00475,BR_00026,CR_YT_225,2024-04-26,2024-05-10,2900000,1257,43,3.5,1,2.34,N
CB_00476,BR_00018,CR_TK_084,2025-07-14,2025-09-12,300000,134517,3685,2.74,56,1.53,N
CB_00477,BR_00087,CR_YT_139,2025-06-19,2025-07-19,23100000,33035,1189,3.6,11,1.0,Y
CB_00478,BR_00067,CR_TK_051,2024-07-28,2024-10-26,16100000,106079,3627,3.42,77,2.15,Y
CB_00479,BR_00027,CR_TK_180,2024-12-04,2025-01-03,1200000,11166,323,2.9,5,1.61,N
CB_00481,BR_00013,CR_YT_276,2025-04-14,2025-05-14,1300000,103939,3513,3.38,25,0.73,N
CB_00482,BR_00082,CR_YT_287,2024-08-19,2024-09-18,18200000,1476944,31015,2.1,1045,3.37,Y
CB_00483,BR_00055,CR_YT_300,2024-11-09,2024-12-09,3800000,354891,7168,2.02,171,2.39,Y
CB_00484,BR_00085,CR_YT_104,2024-03-20,2024-06-18,10900000,663294,14061,2.12,199,1.42,N
CB_00485,BR_00014,CR_YT_065,2025-06-18,2025-09-16,2100000,1468,48,3.3,1,3.49,Y
CB_00486,BR_00078,CR_YT_142,2025-09-22,2025-11-21,10900000,78922,1523,1.93,19,1.26,N
CB_00487,BR_00079,CR_YT_076,2024-05-26,2024-06-25,5900000,39893,522,1.31,20,3.89,Y
CB_00488,BR_00018,CR_YT_262,2025-03-26,2025-05-25,400000,513223,15396,3.0,140,0.91,N
CB_00489,BR_00072,CR_YT_202,2025-01-21,2025-03-22,17500000,1204,52,4.35,0,1.61,N
CB_00490,BR_00011,CR_TK_153,2025-09-11,2025-10-11,3900000,4140,179,4.33,5,2.99,Y
CB_00491,BR_00056,CR_YT_287,2025-03-28,2025-05-27,1500000,761594,11271,1.48,411,3.65,Y
CB_00492,BR_00084,CR_YT_179,2024-07-01,2024-07-15,17500000,1262016,51490,4.08,880,1.71,Y
CB_00493,BR_00055,CR_YT_110,2025-09-23,2025-12-22,4800000,3881,68,1.76,1,1.81,Y
CB_00494,BR_00096,CR_YT_006,2024-07-19,2024-09-17,32400000,98858,3301,3.34,54,1.65,Y
CB_00495,BR_00048,CR_TK_169,2024-09-16,2024-12-15,3500000,290075,3277,1.13,47,1.46,N
CB_00496,BR_00062,CR_YT_204,2024-02-14,2024-03-15,13200000,1614,53,3.29,0,0.61,N
CB_00497,BR_00092,CR_TK_175,2025-04-27,2025-07-26,58800000,7238,209,2.89,7,3.56,Y
CB_00498,BR_00097,CR_YT_280,2024-04-16,2024-04-30,23700000,519730,20009,3.85,594,2.97,N
CB_00499,BR_00023,CR_TK_146,2024-05-14,2024-05-28,2400000,108028,1317,1.22,35,2.73,Y
CB_00500,BR_00008,CR_YT_161,2024-04-09,2024-07-08,1800000,1939864,70223,3.62,2162,3.08,Y
CB_00501,BR_00043,CR_TK_129,2024-11-20,2024-12-20,2200000,34050,1627,4.78,37,2.31,Y
CB_00502,BR_00086,CR_YT_207,2025-03-02,2025-03-16,8000000,2557,76,3.01,2,3.05,Y
CB_00503,BR_00011,CR_YT_089,2025-03-30,2025-04-13,1900000,432830,13071,3.02,145,1.11,N
CB_00504,BR_00096,CR_TK_132,2024-01-04,2024-02-03,28300000,8248,195,2.37,4,2.49,Y
CB_00505,BR_00090,CR_YT_045,2025-08-02,2025-10-01,8900000,2270705,39283,1.73,314,0.8,N
CB_00506,BR_00041,CR_TK_003,2025-10-03,2025-10-17,3300000,712011,13314,1.87,240,1.81,N
CB_00507,BR_00011,CR_TK_150,2024-09-09,2024-10-09,3600000,310283,14304,4.61,167,1.17,N
CB_00508,BR_00097,CR_TK_078,2024-05-15,2024-06-14,13100000,13044,223,1.71,2,0.99,N
CB_00509,BR_00041,CR_YT_212,2024-08-19,2024-09-18,1800000,338642,16661,4.92,234,1.41,N
CB_00510,BR_00057,CR_YT_136,2024-04-04,2024-06-03,1500000,372197,15222,4.09,354,2.33,Y
CB_00511,BR_00081,CR_TK_052,2024-06-23,2024-07-07,29600000,7655,124,1.62,3,2.49,Y
CB_00512,BR_00090,CR_YT_223,2024-12-21,2025-01-20,11400000,26984,814,3.02,27,3.4,Y
CB_00513,BR_00035,CR_YT_047,2025-06-09,2025-07-09,2400000,138059,1560,1.13,14,0.9,N
CB_00514,BR_00085,CR_TK_024,2024-07-09,2024-09-07,10600000,6332,157,2.49,2,1.82,N
CB_00515,BR_00076,CR_TK_162,2024-02-04,2024-03-05,16400000,1196934,53622,4.48,284,0.53,N
CB_00516,BR_00054,CR_YT_244,2024-12-08,2025-01-07,1300000,2949,137,4.65,2,1.57,N
CB_00517,BR_00060,CR_YT_280,2024-07-09,2024-07-23,400000,521501,17574,3.37,514,2.93,N
CB_00518,BR_00094,CR_YT_205,2025-04-29,2025-05-29,48200000,72648,1707,2.35,48,2.87,Y
CB_00519,BR_00039,CR_YT_021,2024-08-27,2024-11-25,1000000,65162,1355,2.08,34,2.52,Y
CB_00520,BR_00076,CR_YT_015,2024-06-16,2024-09-14,7900000,177526,6018,3.39,176,2.94,Y
CB_00521,BR_00068,CR_YT_102,2025-08-04,2025-09-03,5300000,44104,2134,4.84,83,3.9,Y
CB_00522,BR_00040,CR_TK_106,2024-05-24,2024-06-23,2600000,1779,17,1.0,0,1.02,N
CB_00523,BR_00023,CR_YT_155,2024-11-10,2024-11-24,1600000,4545,124,2.75,3,3.03,Y
CB_00524,BR_00020,CR_TK_051,2025-07-22,2025-08-21,800000,79375,1111,1.4,26,2.42,Y
CB_00525,BR_00051,CR_TK_058,2024-08-05,2024-10-04,3200000,1699,64,3.82,2,3.17,Y
CB_00526,BR_00013,CR_YT_199,2024-05-11,2024-06-10,3400000,1039637,42521,4.09,1547,3.64,Y
CB_00527,BR_00087,CR_TK_074,2025-03-10,2025-06-08,17700000,15056,444,2.95,13,3.09,Y
CB_00528,BR_00076,CR_YT_014,2024-08-15,2024-11-13,8100000,131661,3225,2.45,72,2.26,Y
CB_00529,BR_00001,CR_TK_013,2025-09-05,2025-11-04,1500000,3694,57,1.55,0,1.16,N
CB_00530,BR_00028,CR_YT_155,2025-03-21,2025-04-04,2000000,3848,103,2.7,1,1.5,N
CB_00531,BR_00050,CR_TK_046,2025-05-07,2025-05-21,1200000,16962,291,1.72,5,1.89,N
CB_00532,BR_00067,CR_TK_128,2024-04-18,2024-06-17,14300000,9898,388,3.93,10,2.8,Y
CB_00533,BR_00052,CR_TK_112,2024-01-13,2024-02-12,2200000,14578,370,2.54,7,2.09,N
CB_00534,BR_00063,CR_TK_035,2025-02-15,2025-04-16,17200000,560625,11380,2.03,309,2.72,Y
CB_00535,BR_00078,CR_TK_114,2025-04-06,2025-07-05,14200000,2532,59,2.34,1,2.37,Y
CB_00536,BR_00047,CR_YT_058,2024-07-02,2024-08-31,3800000,26247,971,3.7,10,1.03,N
CB_00537,BR_00044,CR_TK_186,2025-08-27,2025-09-26,1500000,12805,500,3.91,10,2.09,Y
CB_00538,BR_00007,CR_YT_238,2024-10-15,2024-10-29,1400000,9407,232,2.47,8,3.61,Y
CB_00539,BR_00088,CR_YT_190,2024-09-15,2024-11-14,8200000,734780,31448,4.28,754,2.4,N
CB_00540,BR_00023,CR_YT_151,2024-12-31,2025-03-01,1100000,4812,170,3.54,4,2.59,Y
CB_00542,BR_00094,CR_YT_075,2025-10-10,2025-12-09,62900000,547383,26767,4.89,778,2.91,Y
CB_00543,BR_00032,CR_TK_171,2025-06-20,2025-09-18,1000000,75731,1885,2.49,19,1.01,Y
CB_00544,BR_00093,CR_TK_027,2024-04-13,2024-06-12,49600000,2829035,66482,2.35,1814,2.73,Y
CB_00545,BR_00039,CR_YT_217,2025-02-14,2025-02-28,1200000,1036759,40329,3.89,1250,3.1,Y
CB_00546,BR_00011,CR_TK_129,2025-03-19,2025-04-02,3400000,33537,1670,4.98,44,2.65,Y
CB_00547,BR_00070,CR_TK_138,2024-09-06,2024-09-20,8700000,17755,717,4.04,14,2.03,Y
CB_00548,BR_00096,CR_TK_053,2024-07-09,2024-08-08,38900000,567967,14710,2.59,166,1.13,N
CB_00549,BR_00037,CR_YT_140,2024-01-06,2024-03-06,2100000,985323,35767,3.63,522,1.46,N
CB_00550,BR_00060,CR_TK_007,2025-10-12,2025-11-11,200000,50722,1947,3.84,24,1.27,N
CB_00551,BR_00079,CR_YT_148,2025-09-15,2025-11-14,6700000,139892,3245,2.32,60,1.86,N
CB_00552,BR_00072,CR_YT_007,2024-12-17,2025-01-16,11000000,687683,11071,1.61,386,3.49,Y
CB_00553,BR_00064,CR_YT_108,2025-06-29,2025-07-29,19600000,14565,164,1.13,5,3.48,Y
CB_00554,BR_00011,CR_TK_024,2025-05-13,2025-08-11,4000000,3316,132,3.99,3,2.35,Y
CB_00555,BR_00039,CR_YT_150,2024-11-18,2025-01-17,2400000,167917,5877,3.5,63,1.08,Y
CB_00556,BR_00046,CR_YT_290,2025-03-17,2025-05-16,3700000,46483,2273,4.89,55,2.45,Y
CB_00557,BR_00063,CR_YT_121,2025-01-19,2025-04-19,7200000,56436,2483,4.4,20,0.84,N
CB_00558,BR_00028,CR_YT_109,2024-04-23,2024-07-22,1800000,347156,14129,4.07,558,3.95,Y
CB_00559,BR_00052,CR_YT_282,2025-02-22,2025-03-24,3600000,47307,1608,3.4,26,1.62,N
CB_00560,BR_00047,CR_TK_023,2024-04-18,2024-05-18,3700000,1004317,19082,1.9,364,1.91,N
CB_00561,BR_00097,CR_YT_238,2024-10-20,2024-12-19,16500000,13166,342,2.6,1,0.51,N
CB_00562,BR_00043,CR_TK_091,2025-04-20,2025-05-20,1800000,1329,44,3.32,0,1.96,Y
CB_00563,BR_00054,CR_YT_211,2024-07-12,2024-07-26,1300000,480,16,3.48,0,4.0,Y
CB_00564,BR_00077,CR_YT_293,2025-02-22,2025-03-08,17100000,96552,3166,3.28,68,2.15,Y
CB_00565,BR_00048,CR_YT_012,2025-09-07,2025-11-06,2500000,6109,268,4.4,2,1.06,N
CB_00566,BR_00048,CR_TK_071,2024-09-02,2024-10-02,2200000,5101,91,1.8,0,0.96,N
CB_00567,BR_00009,CR_TK_158,2024-02-01,2024-03-02,900000,6673,248,3.73,5,2.05,Y
CB_00568,BR_00031,CR_TK_108,2024-06-30,2024-08-29,2600000,63532,2172,3.42,36,1.66,Y
CB_00569,BR_00021,CR_YT_126,2025-04-18,2025-05-02,1000000,22861,848,3.71,29,3.53,Y
CB_00570,BR_00061,CR_TK_142,2025-01-29,2025-02-12,14700000,13858,627,4.53,14,2.38,Y
CB_00571,BR_00092,CR_TK_098,2025-09-13,2025-12-12,63900000,11010,474,4.31,3,0.71,N
CB_00572,BR_00051,CR_TK_125,2024-02-10,2024-03-11,2300000,1649,58,3.52,1,2.04,Y
CB_00573,BR_00016,CR_YT_054,2024-05-29,2024-06-28,1400000,7473,311,4.17,9,3.03,Y
CB_00574,BR_00047,CR_YT_212,2024-12-13,2025-01-12,5500000,640133,11778,1.84,98,0.84,N
CB_00575,BR_00083,CR_TK_056,2024-03-16,2024-05-15,8500000,3132,62,1.98,0,1.41,Y
CB_00576,BR_00038,CR_TK_053,2025-03-31,2025-04-30,2900000,1287173,42090,3.27,1085,2.58,Y
CB_00577,BR_00098,CR_YT_072,2024-05-31,2024-08-29,37400000,105570,2618,2.48,46,1.77,Y
CB_00578,BR_00038,CR_YT_158,2024-06-11,2024-09-09,2500000,3852,106,2.76,1,1.53,N
CB_00579,BR_00096,CR_TK_113,2024-05-11,2024-06-10,43900000,870716,17675,2.03,229,1.3,N
CB_00580,BR_00028,CR_YT_299,2024-11-06,2024-12-06,2700000,58328,2263,3.88,70,3.11,Y
CB_00581,BR_00067,CR_YT_208,2025-05-03,2025-08-01,15400000,37345,1336,3.58,34,2.55,Y
CB_00582,BR_00065,CR_YT_161,2025-06-19,2025-07-19,9300000,2047630,73509,3.59,2609,3.55,Y
CB_00583,BR_00062,CR_YT_090,2025-05-10,2025-07-09,7600000,88387,2094,2.37,33,1.58,Y
CB_00584,BR_00029,CR_YT_077,2024-10-11,2025-01-09,1100000,576,20,3.6,0,1.75,Y
CB_00585,BR_00059,CR_YT_292,2025-10-15,2025-10-29,1700000,19777,816,4.13,19,2.33,N
CB_00586,BR_00030,CR_TK_080,2024-07-26,2024-08-25,1000000,229620,3214,1.4,53,1.65,Y
CB_00587,BR_00009,CR_YT_139,2025-07-20,2025-10-18,1200000,39550,522,1.32,17,3.29,Y
CB_00588,BR_00058,CR_YT_291,2025-06-19,2025-07-19,2000000,2797,48,1.73,1,3.78,Y
CB_00589,BR_00032,CR_YT_117,2025-04-12,2025-05-12,500000,22255,714,3.21,5,0.82,N
CB_00590,BR_00025,CR_TK_076,2024-03-06,2024-04-05,600000,505129,9647,1.91,245,2.55,Y
CB_00591,BR_00075,CR_YT_245,2025-04-20,2025-05-04,22000000,1672,38,2.28,1,2.72,Y
CB_00592,BR_00026,CR_YT_245,2024-04-29,2024-06-28,1000000,892,28,3.17,0,1.25,N
CB_00593,BR_00063,CR_YT_154,2025-08-05,2025-08-19,14200000,43460,630,1.45,22,3.6,Y
CB_00594,BR_00100,CR_TK_030,2024-07-18,2024-10-16,70500000,2624771,74281,2.83,371,0.5,N
CB_00595,BR_00097,CR_YT_209,2025-09-07,2025-10-07,27900000,28135,852,3.03,19,2.3,N
CB_00596,BR_00083,CR_YT_154,2024-09-27,2024-12-26,4000000,24341,791,3.25,12,1.58,Y
CB_00597,BR_00057,CR_YT_058,2024-07-05,2024-09-03,800000,41917,1274,3.04,28,2.24,Y
CB_00598,BR_00023,CR_YT_034,2025-03-18,2025-04-17,1300000,71248,1688,2.37,48,2.9,Y
CB_00599,BR_00024,CR_YT_100,2024-04-21,2024-05-21,800000,914997,20861,2.28,492,2.36,N
CB_00600,BR_00014,CR_TK_051,2024-11-03,2025-02-01,1200000,143962,3311,2.3,38,1.17,N
CB_00601,BR_00051,CR_TK_103,2024-06-24,2024-07-24,3000000,4698,226,4.83,8,3.93,Y
CB_00602,BR_00084,CR_TK_005,2025-03-02,2025-04-01,8200000,3196797,151528,4.74,5182,3.42,Y
CB_00603,BR_00048,CR_YT_075,2024-11-09,2024-12-09,3000000,954669,21575,2.26,340,1.58,Y
CB_00604,BR_00098,CR_YT_214,2024-01-06,2024-03-06,23400000,50279,1799,3.58,17,0.99,N
CB_00605,BR_00059,CR_TK_093,2024-10-07,2024-10-21,1700000,37795,1379,3.65,19,1.4,N
CB_00606,BR_00048,CR_YT_013,2024-11-25,2025-01-24,3100000,125017,4050,3.24,48,1.2,N
CB_00607,BR_00028,CR_TK_017,2025-05-30,2025-07-29,3500000,4187,82,1.97,1,1.64,N
CB_00608,BR_00062,CR_TK_183,2025-08-30,2025-10-29,28000000,176655,7278,4.12,136,1.87,Y
CB_00609,BR_00091,CR_YT_250,2024-09-12,2024-10-12,88600000,5180,64,1.24,0,0.7,N
CB_00610,BR_00044,CR_YT_142,2025-07-04,2025-08-03,2200000,125876,3637,2.89,130,3.58,Y
CB_00611,BR_00010,CR_YT_167,2025-02-27,2025-03-29,5100000,19914,657,3.3,16,2.47,N
CB_00612,BR_00057,CR_YT_126,2024-12-01,2025-03-01,2000000,51425,1661,3.23,55,3.36,Y
CB_00613,BR_00089,CR_YT_012,2024-05-23,2024-06-06,25100000,5357,212,3.96,8,3.85,Y
CB_00614,BR_00047,CR_TK_164,2025-04-01,2025-05-01,2300000,114110,3240,2.84,54,1.67,N
CB_00615,BR_00087,CR_TK_198,2024-09-22,2024-10-22,22900000,1164,18,1.56,0,2.75,Y
CB_00616,BR_00055,CR_YT_203,2025-05-13,2025-05-27,4600000,1426,70,4.96,1,1.81,Y
CB_00617,BR_00073,CR_YT_224,2024-02-02,2024-05-02,8800000,1094,34,3.16,0,1.49,N
CB_00618,BR_00043,CR_TK_025,2024-03-09,2024-03-23,1600000,103778,4275,4.12,100,2.36,Y
CB_00619,BR_00066,CR_TK_134,2024-03-30,2024-06-28,14000000,9157,455,4.97,14,3.13,Y
CB_00620,BR_00099,CR_TK_051,2025-03-17,2025-04-16,62300000,171365,8533,4.98,87,1.03,N
CB_00621,BR_00043,CR_YT_038,2024-07-05,2024-10-03,1200000,2223541,83827,3.77,2824,3.37,Y
CB_00622,BR_00056,CR_TK_156,2024-01-22,2024-03-22,1300000,3666,158,4.31,0,0.57,N
CB_00623,BR_00029,CR_YT_166,2025-03-13,2025-04-12,600000,29613,1095,3.7,17,1.64,Y
CB_00624,BR_00059,CR_TK_035,2024-07-24,2024-10-22,1800000,988438,38153,3.86,961,2.52,N
CB_00625,BR_00025,CR_TK_096,2024-05-31,2024-06-30,500000,193949,6070,3.13,231,3.81,Y
CB_00626,BR_00006,CR_TK_100,2024-05-10,2024-08-08,2300000,17942,803,4.48,30,3.75,Y
CB_00627,BR_00085,CR_YT_107,2024-07-25,2024-08-24,11200000,10602,204,1.93,7,3.72,Y
CB_00628,BR_00099,CR_YT_182,2024-01-28,2024-02-27,94500000,12048,179,1.49,6,3.82,Y
CB_00629,BR_00004,CR_YT_228,2024-08-01,2024-09-30,400000,17725,317,1.79,10,3.2,Y
CB_00630,BR_00076,CR_TK_118,2024-05-07,2024-05-21,20600000,14821,490,3.31,11,2.31,Y
CB_00631,BR_00021,CR_TK_088,2024-08-02,2024-08-16,3800000,374552,9101,2.43,362,3.98,Y
CB_00632,BR_00054,CR_YT_098,2024-08-03,2024-08-17,1500000,49424,998,2.02,8,0.89,N
CB_00633,BR_00059,CR_YT_009,2024-01-08,2024-03-08,1600000,153611,6804,4.43,118,1.74,N
CB_00634,BR_00040,CR_TK_129,2024-03-07,2024-05-06,4300000,36148,694,1.92,20,2.95,Y
CB_00635,BR_00084,CR_TK_030,2025-02-03,2025-04-04,5100000,3471038,136064,3.92,4952,3.64,Y
CB_00636,BR_00006,CR_YT_073,2024-09-11,2024-10-11,3000000,52774,854,1.62,25,2.93,N
CB_00637,BR_00098,CR_YT_020,2024-03-03,2024-06-01,68300000,151794,5525,3.64,99,1.8,Y
CB_00639,BR_00086,CR_YT_093,2025-01-08,2025-01-22,22500000,185114,3369,1.82,64,1.91,N
CB_00640,BR_00034,CR_TK_019,2024-11-24,2024-12-08,3000000,69679,3177,4.56,19,0.62,N
CB_00641,BR_00019,CR_TK_168,2025-02-21,2025-03-07,2800000,62675,2438,3.89,26,1.09,N
CB_00642,BR_00013,CR_YT_008,2024-12-23,2025-01-22,1300000,50387,730,1.45,15,2.16,Y
CB_00643,BR_00054,CR_TK_139,2025-07-03,2025-09-01,600000,4803,170,3.55,2,1.59,N
CB_00644,BR_00061,CR_TK_161,2024-09-20,2024-10-20,8600000,1192,57,4.83,1,2.84,Y
CB_00645,BR_00013,CR_YT_245,2025-05-19,2025-08-17,1600000,921,13,1.52,0,3.8,Y
CB_00646,BR_00011,CR_TK_081,2024-04-07,2024-06-06,1900000,15077,301,2.0,4,1.38,N
CB_00647,BR_00094,CR_TK_038,2024-11-04,2024-12-04,85900000,33160,1114,3.36,25,2.31,Y
CB_00648,BR_00035,CR_TK_090,2024-05-14,2024-06-13,3100000,40945,1359,3.32,51,3.77,Y
CB_00649,BR_00005,CR_TK_083,2025-01-29,2025-02-12,4400000,2422968,25683,1.06,698,2.72,Y
CB_00650,BR_00031,CR_YT_083,2025-02-10,2025-03-12,1100000,118829,5264,4.43,61,1.16,Y
CB_00651,BR_00074,CR_YT_208,2025-04-07,2025-05-07,7000000,18980,523,2.76,16,3.11,Y
CB_00652,BR_00084,CR_TK_094,2025-06-10,2025-07-10,9800000,1304,26,2.02,0,3.32,Y
CB_00653,BR_00063,CR_TK_096,2025-07-16,2025-09-14,15500000,386415,9158,2.37,212,2.32,N
CB_00654,BR_00009,CR_TK_101,2025-01-09,2025-03-10,1000000,203924,3058,1.5,39,1.29,N
CB_00655,BR_00059,CR_TK_125,2024-04-23,2024-05-07,1300000,904,40,4.49,0,1.57,N
CB_00656,BR_00056,CR_YT_284,2024-03-25,2024-06-23,700000,89106,4045,4.54,92,2.29,Y
CB_00657,BR_00019,CR_TK_131,2024-08-15,2024-08-29,1700000,109017,3379,3.1,109,3.23,Y
CB_00658,BR_00073,CR_TK_141,2025-06-27,2025-09-25,2800000,1994,63,3.16,1,2.93,N
CB_00659,BR_00068,CR_YT_086,2025-01-18,2025-02-17,4900000,22963,812,3.54,21,2.66,Y
CB_00660,BR_00097,CR_TK_067,2024-06-04,2024-09-02,43000000,2034,90,4.43,1,1.47,N
CB_00661,BR_00052,CR_YT_152,2025-02-03,2025-05-04,4300000,3379,96,2.87,0,0.98,N
CB_00662,BR_00039,CR_YT_001,2024-03-17,2024-04-16,2400000,17716,325,1.84,9,3.07,Y
CB_00663,BR_00077,CR_TK_192,2024-03-09,2024-03-23,28200000,434606,12690,2.92,134,1.06,N
CB_00664,BR_00032,CR_YT_201,2024-06-12,2024-08-11,900000,414111,17972,4.34,134,0.75,N
CB_00665,BR_00036,CR_YT_072,2025-02-15,2025-03-01,2100000,161271,5950,3.69,72,1.22,N
CB_00666,BR_00019,CR_TK_045,2024-10-09,2024-11-08,1100000,11770,263,2.24,2,0.86,N
CB_00667,BR_00081,CR_TK_007,2025-04-27,2025-05-27,22900000,56119,841,1.5,26,3.1,Y
CB_00668,BR_00059,CR_YT_079,2024-03-13,2024-04-12,1700000,7567856,87787,1.16,3011,3.43,N
CB_00669,BR_00033,CR_YT_058,2025-10-03,2025-12-02,3300000,19639,754,3.84,26,3.53,Y
CB_00670,BR_00063,CR_TK_089,2024-10-25,2024-11-24,13300000,8056,316,3.93,12,3.86,Y
CB_00671,BR_00047,CR_YT_124,2025-05-21,2025-07-20,3300000,6911,308,4.46,4,1.48,N
CB_00672,BR_00093,CR_TK_076,2024-10-09,2024-11-08,57100000,759821,27885,3.67,384,1.38,N
CB_00673,BR_00046,CR_YT_043,2024-01-14,2024-01-28,2900000,814205,27194,3.34,345,1.27,N
CB_00674,BR_00056,CR_TK_041,2024-09-29,2024-10-13,1900000,94806,2796,2.95,73,2.62,Y
CB_00675,BR_00073,CR_YT_193,2025-09-13,2025-12-12,8800000,28212,330,1.17,2,0.88,N
CB_00676,BR_00083,CR_TK_189,2024-04-10,2024-07-09,3000000,71319,1390,1.95,35,2.53,Y
CB_00677,BR_00091,CR_TK_163,2025-09-10,2025-11-09,77100000,3264,37,1.16,1,2.76,Y
CB_00678,BR_00057,CR_TK_137,2025-04-16,2025-07-15,2700000,7686,199,2.59,6,3.32,Y
CB_00679,BR_00096,CR_TK_099,2025-03-18,2025-04-01,25600000,633,22,3.52,0,1.65,Y
CB_00681,BR_00045,CR_YT_181,2024-09-11,2024-10-11,3400000,305965,8658,2.83,343,3.97,Y
CB_00682,BR_00034,CR_TK_094,2024-06-13,2024-07-13,2400000,1276,45,3.59,1,3.09,Y
CB_00683,BR_00097,CR_YT_179,2024-06-25,2024-08-24,40200000,765562,26565,3.47,820,3.09,Y
CB_00684,BR_00030,CR_YT_163,2024-11-09,2024-11-23,1200000,535500,14030,2.62,376,2.68,Y
CB_00685,BR_00082,CR_YT_096,2025-01-26,2025-02-25,11300000,30445,730,2.4,24,3.32,Y
CB_00687,BR_00090,CR_TK_029,2025-07-27,2025-08-26,23100000,2965,76,2.59,2,2.93,Y
CB_00688,BR_00026,CR_YT_048,2024-04-02,2024-07-01,2900000,153679,6777,4.41,68,1.01,N
CB_00689,BR_00044,CR_YT_273,2024-12-28,2025-02-26,1300000,15318,670,4.38,20,3.08,Y
CB_00690,BR_00038,CR_TK_015,2025-08-06,2025-08-20,1700000,2539,109,4.3,1,1.36,N
CB_00691,BR_00020,CR_TK_042,2024-10-07,2024-10-21,1900000,34801,1715,4.93,23,1.36,N
CB_00692,BR_00029,CR_YT_226,2025-10-25,2025-11-24,500000,26238,1275,4.86,44,3.5,Y
CB_00693,BR_00062,CR_TK_130,2025-03-25,2025-05-24,19400000,9674,171,1.77,1,1.15,Y
CB_00694,BR_00067,CR_YT_298,2025-02-13,2025-05-14,15300000,83921,3348,3.99,99,2.97,Y
CB_00695,BR_00047,CR_TK_112,2024-09-26,2024-11-25,3100000,19116,908,4.75,14,1.62,N
CB_00696,BR_00046,CR_YT_040,2024-05-17,2024-06-16,3300000,1981,39,1.99,0,2.38,Y
CB_00697,BR_00017,CR_YT_050,2025-06-03,2025-08-02,500000,1863,80,4.31,1,1.3,N
CB_00698,BR_00045,CR_TK_068,2025-10-22,2026-01-20,5000000,399,8,2.08,0,3.43,Y
CB_00699,BR_00059,CR_TK_017,2025-03-24,2025-05-23,1300000,3881,193,4.98,1,0.58,N
CB_00700,BR_00058,CR_YT_287,2025-10-27,2025-11-10,4200000,1000369,38314,3.83,275,0.72,N
CB_00701,BR_00046,CR_YT_034,2024-10-09,2025-01-07,1600000,73092,811,1.11,21,2.59,Y
CB_00702,BR_00056,CR_TK_061,2024-05-16,2024-07-15,800000,639,20,3.15,0,2.86,Y
CB_00703,BR_00043,CR_YT_120,2025-08-06,2025-11-04,2300000,42087,1329,3.16,38,2.88,Y
CB_00704,BR_00041,CR_TK_142,2024-01-07,2024-04-06,1100000,11887,398,3.35,12,3.21,Y
CB_00705,BR_00010,CR_TK_015,2024-03-06,2024-06-04,3200000,2307,41,1.78,1,3.93,Y
CB_00706,BR_00100,CR_TK_089,2024-07-02,2024-08-01,22500000,20162,788,3.91,13,1.66,N
CB_00707,BR_00013,CR_TK_185,2025-02-17,2025-05-18,3200000,71914,3034,4.22,55,1.83,Y
CB_00708,BR_00061,CR_YT_071,2024-12-17,2025-01-16,5600000,4994,191,3.83,6,3.58,Y
CB_00709,BR_00064,CR_YT_047,2024-07-07,2024-08-06,14300000,102591,5067,4.94,137,2.72,Y
CB_00710,BR_00044,CR_YT_232,2024-04-06,2024-07-05,1600000,1764,21,1.24,0,2.45,Y
CB_00711,BR_00088,CR_YT_192,2024-04-07,2024-05-07,4100000,4004114,42043,1.05,689,1.64,N
CB_00712,BR_00040,CR_YT_015,2025-08-04,2025-11-02,2400000,124304,2100,1.69,57,2.73,Y
CB_00713,BR_00064,CR_YT_094,2025-07-02,2025-08-01,25400000,1655500,61750,3.73,642,1.04,Y
CB_00714,BR_00048,CR_YT_294,2024-06-30,2024-08-29,2900000,34755,594,1.71,6,1.02,N
CB_00715,BR_00057,CR_YT_016,2025-09-29,2025-10-13,2900000,1965,81,4.17,0,0.92,N
CB_00716,BR_00040,CR_TK_179,2024-10-25,2024-11-08,2300000,19328,593,3.07,21,3.65,Y
CB_00717,BR_00064,CR_YT_099,2025-09-09,2025-10-09,25900000,900,42,4.75,1,3.75,Y
CB_00718,BR_00071,CR_TK_126,2025-02-02,2025-04-03,5900000,138380,1743,1.26,23,1.36,N
CB_00719,BR_00019,CR_YT_123,2025-05-17,2025-06-16,3700000,117390,1443,1.23,56,3.94,Y
CB_00720,BR_00062,CR_TK_116,2025-08-28,2025-09-11,25700000,93,3,3.62,0,3.69,Y
CB_00721,BR_00073,CR_YT_295,2025-06-28,2025-09-26,5300000,218415,3931,1.8,63,1.62,N
CB_00722,BR_00058,CR_TK_091,2024-07-21,2024-08-20,4400000,2096,57,2.74,0,0.79,N
CB_00723,BR_00004,CR_YT_252,2024-04-16,2024-05-16,1000000,22152,491,2.22,19,3.97,Y
CB_00724,BR_00099,CR_YT_148,2024-02-26,2024-05-26,90900000,83359,1133,1.36,41,3.62,Y
CB_00725,BR_00096,CR_TK_161,2025-08-07,2025-11-05,23600000,925,11,1.19,0,0.6,N
CB_00726,BR_00039,CR_YT_198,2024-07-11,2024-08-10,3000000,36635,1575,4.3,56,3.56,Y
CB_00727,BR_00095,CR_YT_261,2025-06-20,2025-07-20,58000000,2823,33,1.18,0,1.25,N
CB_00728,BR_00059,CR_TK_187,2024-07-09,2024-08-08,1500000,23822,431,1.81,5,1.22,N
CB_00729,BR_00082,CR_TK_014,2024-01-16,2024-01-30,23700000,33498,1259,3.76,47,3.74,Y
CB_00730,BR_00001,CR_TK_164,2024-09-03,2024-10-03,1500000,177157,7635,4.31,137,1.8,Y
CB_00731,BR_00052,CR_YT_023,2024-06-08,2024-07-08,3100000,14092,286,2.03,10,3.73,Y
CB_00732,BR_00088,CR_YT_293,2025-10-03,2025-11-02,6600000,180805,7141,3.95,103,1.45,N
CB_00733,BR_00089,CR_YT_006,2025-03-01,2025-04-30,14800000,195082,3433,1.76,110,3.23,Y
CB_00734,BR_00033,CR_TK_008,2024-01-11,2024-03-11,1600000,262162,3984,1.52,115,2.91,Y
CB_00735,BR_00010,CR_TK_027,2024-04-27,2024-05-11,2100000,2984660,37905,1.27,902,2.38,N
CB_00736,BR_00022,CR_TK_184,2024-09-19,2024-11-18,2100000,1741,76,4.42,1,1.42,Y
CB_00737,BR_00098,CR_YT_062,2025-02-08,2025-03-10,77200000,9205,275,2.99,2,0.94,N
CB_00738,BR_00005,CR_YT_241,2025-05-05,2025-05-19,1700000,990528,25258,2.55,199,0.79,N
CB_00739,BR_00089,CR_TK_113,2024-03-10,2024-04-09,16100000,551011,21764,3.95,446,2.05,Y
CB_00740,BR_00099,CR_YT_022,2025-05-30,2025-06-29,86000000,189307,2233,1.18,12,0.55,N
CB_00741,BR_00020,CR_YT_175,2024-09-13,2024-10-13,1500000,10483,375,3.58,7,1.87,Y
CB_00742,BR_00020,CR_TK_185,2024-10-25,2025-01-23,900000,40721,724,1.78,20,2.8,Y
CB_00743,BR_00057,CR_YT_013,2025-03-27,2025-04-10,2600000,168346,3619,2.15,38,1.06,N
CB_00744,BR_00071,CR_TK_194,2024-11-21,2024-12-05,2000000,31114,955,3.07,5,0.56,N
CB_00745,BR_00093,CR_YT_087,2024-11-25,2024-12-25,21800000,63362,2369,3.74,12,0.52,N
CB_00746,BR_00001,CR_YT_289,2024-02-29,2024-04-29,1300000,4407,83,1.9,2,2.7,Y
CB_00747,BR_00073,CR_YT_280,2024-03-16,2024-03-30,7200000,662621,31474,4.75,868,2.76,N
CB_00748,BR_00037,CR_TK_052,2025-09-22,2025-11-21,3100000,8835,329,3.73,8,2.64,Y
CB_00749,BR_00045,CR_TK_026,2025-04-10,2025-06-09,5400000,1055,33,3.15,0,1.76,N
CB_00750,BR_00019,CR_YT_147,2025-10-14,2025-11-13,4200000,23225,471,2.03,4,1.06,N
CB_00751,BR_00095,CR_YT_011,2025-03-18,2025-04-17,32900000,9606,368,3.84,8,2.4,N
CB_00752,BR_00030,CR_YT_206,2024-05-08,2024-06-07,500000,768966,34834,4.53,734,2.11,Y
CB_00753,BR_00058,CR_YT_228,2025-02-01,2025-04-02,2400000,15531,403,2.6,12,3.03,Y
CB_00754,BR_00027,CR_YT_126,2024-08-10,2024-09-09,2200000,64486,2527,3.92,81,3.24,Y
CB_00755,BR_00047,CR_TK_161,2025-04-19,2025-07-18,5300000,1489,37,2.5,0,1.57,N
CB_00756,BR_00051,CR_YT_073,2025-04-26,2025-05-10,2800000,81374,3759,4.62,144,3.85,Y
CB_00757,BR_00080,CR_YT_212,2024-02-22,2024-03-23,14100000,516843,8424,1.63,155,1.85,N
CB_00758,BR_00067,CR_YT_222,2024-07-03,2024-09-01,4500000,14702,480,3.27,5,1.1,N
CB_00759,BR_00096,CR_TK_049,2025-07-30,2025-08-29,45400000,1935,81,4.2,0,1.03,N
CB_00760,BR_00041,CR_YT_240,2024-09-08,2024-10-08,3300000,25128,864,3.44,27,3.17,Y
CB_00761,BR_00068,CR_TK_077,2025-10-05,2025-10-19,11400000,11341,151,1.34,0,0.53,N
CB_00762,BR_00007,CR_YT_170,2024-04-02,2024-05-02,3900000,2468,97,3.97,3,3.85,Y
CB_00763,BR_00040,CR_TK_131,2024-03-08,2024-04-07,3200000,70521,3258,4.62,67,2.06,Y
CB_00764,BR_00044,CR_TK_061,2024-06-28,2024-07-28,1800000,882,14,1.64,0,3.58,Y
CB_00765,BR_00021,CR_YT_213,2024-05-01,2024-07-30,3700000,2140328,69560,3.25,1878,2.7,Y
CB_00766,BR_00090,CR_YT_144,2024-09-12,2024-09-26,21100000,194481,5406,2.78,169,3.14,Y
CB_00767,BR_00018,CR_TK_151,2025-01-25,2025-03-26,300000,1943,20,1.08,0,2.91,Y
CB_00768,BR_00047,CR_TK_177,2025-03-27,2025-06-25,4000000,776831,8389,1.08,186,2.22,N
CB_00769,BR_00086,CR_YT_291,2024-12-18,2025-01-17,26500000,2994,38,1.28,0,0.97,N
CB_00770,BR_00039,CR_TK_047,2025-02-07,2025-03-09,1000000,3037,146,4.84,1,1.19,Y
CB_00771,BR_00082,CR_YT_165,2024-10-26,2024-11-09,13000000,54721,1630,2.98,43,2.68,Y
CB_00772,BR_00076,CR_YT_214,2024-06-22,2024-07-22,18800000,37885,803,2.12,18,2.32,Y
CB_00773,BR_00004,CR_YT_251,2024-11-22,2024-12-22,500000,548570,12233,2.23,253,2.07,Y
CB_00774,BR_00056,CR_YT_173,2024-02-11,2024-03-12,1600000,68847,1948,2.83,15,0.78,N
CB_00775,BR_00071,CR_YT_017,2024-05-13,2024-08-11,1600000,21756,480,2.21,5,1.2,N
CB_00776,BR_00061,CR_YT_195,2025-02-01,2025-02-15,13500000,65969,1649,2.5,29,1.78,N
CB_00777,BR_00066,CR_TK_138,2025-03-10,2025-05-09,11600000,11346,270,2.38,3,1.42,N
CB_00778,BR_00025,CR_YT_251,2024-10-15,2024-11-14,300000,711789,26265,3.69,871,3.32,Y
CB_00779,BR_00066,CR_TK_159,2024-04-26,2024-05-10,12800000,504917,7220,1.43,54,0.76,N
CB_00780,BR_00048,CR_YT_034,2024-06-06,2024-09-04,3200000,66802,2972,4.45,15,0.53,N
CB_00781,BR_00002,CR_TK_078,2024-12-15,2025-03-15,1100000,11678,567,4.86,22,3.89,Y
CB_00782,BR_00081,CR_TK_148,2024-12-04,2024-12-18,21800000,46608,722,1.55,26,3.71,Y
CB_00783,BR_00011,CR_YT_096,2024-04-03,2024-04-17,1000000,32621,629,1.93,4,0.67,N
CB_00784,BR_00011,CR_YT_199,2024-11-24,2025-02-22,1600000,2216795,84903,3.83,1893,2.23,Y
CB_00785,BR_00091,CR_YT_096,2025-04-25,2025-05-25,71500000,27457,1219,4.44,24,2.05,Y
CB_00786,BR_00065,CR_YT_004,2024-03-22,2024-04-21,17100000,2011,90,4.51,2,2.51,N
CB_00787,BR_00025,CR_TK_059,2024-05-06,2024-05-20,400000,5548,223,4.03,2,1.3,Y
CB_00788,BR_00051,CR_TK_026,2025-08-29,2025-09-28,2900000,1653,35,2.14,0,1.99,Y
CB_00789,BR_00045,CR_TK_077,2024-09-03,2024-12-02,1500000,12275,457,3.73,6,1.49,N
CB_00790,BR_00021,CR_YT_034,2024-03-04,2024-03-18,2500000,73422,910,1.24,28,3.14,Y
CB_00791,BR_00056,CR_YT_041,2025-04-01,2025-04-15,1900000,47731,1083,2.27,34,3.2,Y
CB_00792,BR_00047,CR_TK_058,2025-09-12,2025-09-26,4000000,1563,35,2.28,0,1.75,N
CB_00793,BR_00062,CR_YT_190,2025-05-26,2025-06-25,23900000,751388,37569,5.0,439,1.17,Y
CB_00794,BR_00076,CR_YT_088,2024-02-13,2024-03-14,11800000,152336,3503,2.3,115,3.29,Y
CB_00795,BR_00052,CR_YT_238,2025-04-20,2025-06-19,1600000,11839,300,2.54,11,3.82,Y
CB_00796,BR_00018,CR_TK_104,2024-11-20,2025-01-19,600000,9394,244,2.6,1,0.55,N
CB_00797,BR_00085,CR_TK_164,2024-06-25,2024-07-25,20800000,79544,1097,1.38,20,1.87,N
CB_00798,BR_00020,CR_YT_139,2024-12-11,2025-01-10,800000,33843,747,2.21,28,3.84,Y
CB_00799,BR_00071,CR_YT_143,2024-08-21,2024-09-20,3800000,92946,2537,2.73,96,3.82,Y
CB_00800,BR_00021,CR_YT_250,2024-03-02,2024-04-01,3800000,2635,60,2.29,1,2.17,Y
CB_00801,BR_00038,CR_YT_073,2024-08-28,2024-11-26,3300000,112349,2999,2.67,16,0.55,N
CB_00802,BR_00040,CR_TK_024,2024-06-11,2024-07-11,3200000,6915,188,2.72,1,0.93,N
CB_00803,BR_00017,CR_YT_272,2024-10-15,2024-11-14,600000,243,10,4.46,0,1.79,Y
CB_00804,BR_00061,CR_YT_033,2024-01-19,2024-03-19,9200000,1016,48,4.78,1,2.91,Y
CB_00805,BR_00041,CR_TK_025,2025-05-02,2025-06-01,2600000,75262,1746,2.32,20,1.18,N
CB_00806,BR_00017,CR_TK_195,2024-11-25,2025-02-23,700000,1504,50,3.37,0,1.33,N
CB_00807,BR_00032,CR_YT_251,2025-07-30,2025-09-28,1500000,606301,27404,4.52,504,1.84,Y
CB_00808,BR_00019,CR_TK_020,2024-11-25,2024-12-09,2800000,32245,1483,4.6,56,3.82,Y
CB_00809,BR_00094,CR_YT_137,2024-03-09,2024-05-08,59500000,13218,539,4.08,16,2.99,Y
CB_00810,BR_00047,CR_TK_135,2024-03-01,2024-04-30,2600000,72930,1684,2.31,57,3.39,Y
CB_00811,BR_00062,CR_YT_288,2024-05-29,2024-06-28,28100000,95047,2148,2.26,77,3.59,Y
CB_00813,BR_00095,CR_TK_154,2024-07-18,2024-10-16,78000000,8422,350,4.16,6,1.98,N
CB_00814,BR_00002,CR_YT_153,2024-09-24,2024-10-24,1300000,3147,113,3.61,3,3.17,Y
CB_00815,BR_00011,CR_YT_189,2025-04-21,2025-05-21,2400000,151393,2467,1.63,50,2.05,Y
CB_00816,BR_00041,CR_YT_056,2024-10-07,2024-12-06,1800000,290844,8172,2.81,87,1.07,N
CB_00817,BR_00003,CR_YT_064,2024-02-23,2024-03-24,1800000,4656,105,2.26,3,3.02,Y
CB_00818,BR_00071,CR_YT_014,2025-10-05,2025-12-04,4500000,161581,3732,2.31,128,3.43,Y
CB_00819,BR_00005,CR_TK_030,2024-10-16,2024-11-15,3500000,2513772,113873,4.53,797,0.7,N
CB_00820,BR_00092,CR_TK_066,2024-05-15,2024-07-14,24200000,17209,277,1.61,6,2.33,Y
CB_00821,BR_00092,CR_YT_121,2024-04-04,2024-05-04,79600000,42351,1122,2.65,35,3.13,Y
CB_00822,BR_00064,CR_YT_206,2025-07-12,2025-07-26,16700000,976064,25182,2.58,261,1.04,Y
CB_00823,BR_00012,CR_TK_117,2024-07-31,2024-09-29,900000,2021,90,4.47,1,1.3,N
CB_00824,BR_00008,CR_TK_031,2025-07-25,2025-08-08,1100000,14652,278,1.9,1,0.65,N
CB_00825,BR_00029,CR_TK_089,2024-08-26,2024-09-25,1300000,8763,199,2.28,3,1.86,Y
CB_00826,BR_00082,CR_TK_044,2025-02-09,2025-02-23,15900000,34284,373,1.09,11,3.0,Y
CB_00827,BR_00054,CR_YT_282,2024-03-10,2024-03-24,700000,26965,517,1.92,11,2.22,N
CB_00828,BR_00045,CR_TK_060,2024-03-23,2024-06-21,5200000,133375,5761,4.32,108,1.89,N
CB_00829,BR_00020,CR_YT_275,2024-01-08,2024-04-07,1400000,225127,6843,3.04,72,1.06,N
CB_00830,BR_00026,CR_TK_087,2025-09-14,2025-10-14,1600000,1437,29,2.04,0,0.92,N
CB_00831,BR_00037,CR_YT_232,2024-01-30,2024-03-30,3700000,1466,44,3.05,0,1.92,Y
CB_00832,BR_00024,CR_YT_058,2024-02-12,2024-04-12,1700000,37290,1678,4.5,20,1.2,N
CB_00833,BR_00073,CR_TK_077,2024-11-01,2024-12-01,8900000,11619,283,2.44,1,0.69,N
CB_00834,BR_00081,CR_YT_118,2025-08-03,2025-09-02,12700000,36498,383,1.05,13,3.4,Y
CB_00835,BR_00043,CR_YT_106,2025-05-26,2025-07-25,1900000,10051,257,2.56,8,3.14,Y
CB_00836,BR_00063,CR_YT_246,2025-07-28,2025-10-26,9600000,1242799,55055,4.43,754,1.37,N
CB_00837,BR_00079,CR_YT_055,2024-01-01,2024-01-15,6900000,5893,282,4.79,10,3.76,Y
CB_00838,BR_00039,CR_YT_228,2025-01-25,2025-04-25,3000000,11070,273,2.47,7,2.76,Y
CB_00839,BR_00055,CR_TK_080,2025-01-16,2025-01-30,2400000,297029,6504,2.19,40,0.62,N
CB_00840,BR_00016,CR_YT_155,2024-05-25,2024-06-24,1000000,4800,236,4.93,8,3.7,Y
CB_00841,BR_00016,CR_TK_171,2025-10-13,2025-10-27,1500000,194148,3300,1.7,29,0.89,N
CB_00842,BR_00093,CR_YT_121,2025-04-11,2025-07-10,60300000,38946,424,1.09,10,2.47,Y
CB_00844,BR_00060,CR_YT_212,2024-06-28,2024-07-12,500000,260181,3252,1.25,103,3.19,N
CB_00845,BR_00036,CR_TK_064,2024-10-15,2024-12-14,1100000,19688,724,3.68,28,3.87,Y
CB_00846,BR_00025,CR_YT_121,2025-04-03,2025-04-17,1000000,26953,875,3.25,30,3.5,Y
CB_00847,BR_00072,CR_TK_188,2025-05-15,2025-06-14,17700000,1612,34,2.15,0,0.81,N
CB_00848,BR_00048,CR_YT_234,2025-04-28,2025-07-27,1400000,4255512,105962,2.49,2574,2.43,Y
CB_00849,BR_00019,CR_YT_165,2025-10-16,2025-11-15,2400000,39542,984,2.49,38,3.94,Y
CB_00850,BR_00099,CR_YT_150,2024-05-31,2024-07-30,78700000,294912,14303,4.85,114,0.8,N
CB_00851,BR_00033,CR_TK_154,2024-05-20,2024-06-19,5400000,12482,349,2.8,8,2.39,Y
CB_00852,BR_00088,CR_YT_085,2024-02-13,2024-03-14,10300000,1176772,41187,3.5,1070,2.6,Y
CB_00853,BR_00070,CR_TK_024,2024-06-12,2024-09-10,5800000,7707,140,1.82,4,2.93,Y
CB_00855,BR_00033,CR_TK_179,2025-07-17,2025-08-16,4600000,34280,1422,4.15,31,2.21,Y
CB_00857,BR_00045,CR_TK_084,2025-02-21,2025-03-07,2400000,195374,3165,1.62,92,2.93,Y
CB_00858,BR_00097,CR_YT_097,2024-01-01,2024-03-31,38200000,971143,45255,4.66,1325,2.93,N
CB_00859,BR_00040,CR_YT_124,2025-02-19,2025-03-21,3900000,6312,87,1.39,2,3.35,Y
CB_00860,BR_00004,CR_YT_009,2024-02-01,2024-03-02,500000,115760,4746,4.1,35,0.75,N
CB_00861,BR_00033,CR_YT_232,2024-05-01,2024-06-30,5500000,1480,15,1.04,0,2.59,Y
CB_00862,BR_00044,CR_YT_199,2025-01-18,2025-02-17,1800000,1875547,87775,4.68,2387,2.72,Y
CB_00863,BR_00076,CR_YT_022,2025-05-18,2025-06-01,13200000,130177,2629,2.02,56,2.16,Y
CB_00864,BR_00050,CR_TK_086,2025-07-05,2025-07-19,1600000,14154,639,4.52,24,3.82,Y
CB_00865,BR_00088,CR_YT_252,2024-01-28,2024-03-28,4600000,19646,907,4.62,19,2.16,N
CB_00866,BR_00070,CR_YT_048,2024-03-25,2024-04-24,13000000,160784,7540,4.69,157,2.09,Y
CB_00867,BR_00096,CR_YT_173,2024-09-04,2024-12-03,61400000,28254,632,2.24,20,3.22,Y
CB_00868,BR_00058,CR_YT_111,2025-09-20,2025-11-19,1500000,14889,501,3.37,14,2.86,N
CB_00869,BR_00004,CR_TK_179,2025-06-02,2025-08-01,500000,19352,406,2.1,10,2.48,Y
CB_00870,BR_00069,CR_TK_035,2024-02-19,2024-03-20,14800000,847092,25073,2.96,917,3.66,Y
CB_00871,BR_00038,CR_TK_138,2024-06-15,2024-06-29,1600000,15092,217,1.44,2,1.04,N
CB_00872,BR_00010,CR_YT_102,2025-05-08,2025-07-07,2500000,47076,1873,3.98,52,2.79,Y
CB_00873,BR_00023,CR_TK_096,2025-01-20,2025-02-03,2000000,235531,10504,4.46,266,2.54,Y
CB_00874,BR_00064,CR_YT_118,2025-03-31,2025-04-14,8500000,45017,1782,3.96,67,3.81,Y
CB_00875,BR_00073,CR_YT_013,2025-03-24,2025-05-23,5100000,183617,1983,1.08,46,2.34,N
CB_00876,BR_00089,CR_YT_189,2025-10-12,2026-01-10,9200000,167665,3554,2.12,87,2.45,Y
CB_00877,BR_00055,CR_YT_035,2024-03-07,2024-03-21,2400000,24940,606,2.43,11,1.9,Y
CB_00878,BR_00032,CR_TK_165,2024-05-20,2024-06-03,500000,66183,1158,1.75,13,1.19,Y
CB_00879,BR_00085,CR_YT_280,2025-01-17,2025-04-17,13400000,257780,10723,4.16,123,1.15,N
CB_00880,BR_00053,CR_YT_060,2025-07-27,2025-08-10,1600000,12217,186,1.53,5,2.96,Y
CB_00881,BR_00002,CR_YT_191,2024-03-02,2024-05-31,3000000,29502,1079,3.66,27,2.55,Y
CB_00883,BR_00061,CR_YT_245,2025-05-05,2025-06-04,5700000,1147,40,3.53,0,2.39,Y
CB_00884,BR_00010,CR_YT_075,2024-05-10,2024-08-08,2000000,904201,26312,2.91,1041,3.96,Y
CB_00885,BR_00010,CR_YT_290,2024-06-17,2024-07-17,4100000,83190,2911,3.5,110,3.78,Y
CB_00886,BR_00034,CR_YT_209,2024-03-02,2024-05-01,1000000,34393,887,2.58,10,1.17,N
CB_00887,BR_00093,CR_TK_177,2025-01-17,2025-03-18,46000000,1106072,21015,1.9,773,3.68,Y
CB_00888,BR_00062,CR_TK_015,2025-06-05,2025-08-04,21300000,4476,72,1.63,1,2.6,Y
CB_00889,BR_00037,CR_YT_255,2024-03-17,2024-05-16,3700000,767197,24933,3.25,740,2.97,Y
CB_00890,BR_00100,CR_YT_075,2025-10-18,2025-11-01,43500000,634469,18145,2.86,602,3.32,N
CB_00892,BR_00050,CR_TK_088,2025-08-26,2025-11-24,2600000,332671,12109,3.64,303,2.51,Y
CB_00893,BR_00061,CR_YT_173,2024-04-03,2024-06-02,17200000,56143,1948,3.47,14,0.72,N
CB_00894,BR_00081,CR_YT_138,2024-10-04,2024-11-03,21400000,2016280,94966,4.71,1547,1.63,Y
CB_00895,BR_00031,CR_YT_290,2024-07-14,2024-08-13,4100000,62332,1458,2.34,41,2.87,Y
CB_00896,BR_00036,CR_YT_136,2025-09-04,2025-11-03,2000000,294000,10143,3.45,329,3.25,Y
CB_00897,BR_00099,CR_TK_053,2024-10-29,2024-11-28,79600000,915288,29014,3.17,470,1.62,N
CB_00898,BR_00060,CR_YT_298,2025-06-16,2025-07-16,200000,69080,1499,2.17,20,1.36,N
CB_00899,BR_00077,CR_TK_105,2025-10-10,2025-11-09,13400000,106217,3175,2.99,43,1.36,N
CB_00900,BR_00062,CR_TK_068,2024-10-04,2025-01-02,17300000,466,9,2.02,0,0.75,N
CB_00901,BR_00016,CR_TK_195,2025-01-20,2025-04-20,1700000,1019,17,1.76,0,3.77,Y
CB_00902,BR_00064,CR_YT_233,2025-07-17,2025-10-15,22400000,2997,80,2.68,1,1.43,Y
CB_00903,BR_00055,CR_TK_022,2025-05-16,2025-08-14,1700000,6575,147,2.25,1,0.99,N
CB_00904,BR_00016,CR_YT_186,2024-02-25,2024-03-10,1500000,77685,2478,3.19,35,1.44,N
CB_00905,BR_00013,CR_TK_174,2025-03-09,2025-04-08,1100000,1298559,16102,1.24,143,0.89,N
CB_00906,BR_00080,CR_TK_069,2024-10-10,2024-11-09,19600000,80117,2780,3.47,69,2.5,Y
CB_00907,BR_00035,CR_TK_176,2025-07-19,2025-08-18,4800000,138315,4439,3.21,71,1.61,N
CB_00908,BR_00029,CR_YT_088,2025-01-27,2025-02-26,900000,55047,902,1.64,22,2.5,Y
CB_00909,BR_00079,CR_TK_199,2024-10-03,2024-12-02,3300000,1747,45,2.63,0,1.35,N
CB_00910,BR_00079,CR_YT_085,2024-06-26,2024-07-26,4500000,419081,15422,3.68,311,2.02,Y
CB_00911,BR_00077,CR_TK_135,2025-01-30,2025-03-31,14200000,37729,501,1.33,14,2.99,Y
CB_00912,BR_00057,CR_YT_077,2025-01-28,2025-04-28,2400000,225,9,4.06,0,1.22,N
CB_00913,BR_00087,CR_YT_252,2025-03-23,2025-06-21,16500000,10075,305,3.03,5,1.86,Y
CB_00914,BR_00057,CR_TK_011,2024-07-29,2024-08-28,1100000,1625,70,4.35,2,2.89,Y
CB_00915,BR_00022,CR_TK_104,2025-02-17,2025-03-19,1800000,7018,147,2.1,4,3.0,Y
CB_00916,BR_00030,CR_YT_195,2025-09-06,2025-11-05,1300000,103029,3348,3.25,92,2.76,Y
CB_00917,BR_00009,CR_YT_232,2024-01-23,2024-03-23,900000,1085,11,1.08,0,2.03,Y
CB_00918,BR_00058,CR_TK_166,2025-03-10,2025-03-24,2600000,15217,316,2.08,11,3.69,Y
CB_00919,BR_00034,CR_YT_246,2024-06-10,2024-07-10,1500000,900595,27648,3.07,652,2.36,Y
CB_00920,BR_00026,CR_TK_134,2024-02-07,2024-04-07,1600000,10434,141,1.36,5,3.71,Y
CB_00921,BR_00012,CR_TK_016,2025-07-20,2025-08-03,1100000,423510,8554,2.02,87,1.02,N
CB_00922,BR_00019,CR_TK_140,2025-03-22,2025-04-21,3900000,1204,31,2.64,0,1.08,N
CB_00923,BR_00009,CR_YT_119,2024-04-04,2024-07-03,400000,629735,26071,4.14,1001,3.84,Y
CB_00924,BR_00095,CR_YT_091,2024-10-22,2025-01-20,55300000,13028,217,1.67,1,0.56,N
CB_00925,BR_00026,CR_TK_009,2024-03-19,2024-04-02,2600000,63933,2640,4.13,62,2.37,N
CB_00926,BR_00100,CR_YT_237,2025-07-20,2025-08-19,65400000,32192,1522,4.73,20,1.36,N
CB_00927,BR_00002,CR_YT_167,2024-06-24,2024-07-24,2300000,9226,278,3.02,1,0.7,N
CB_00928,BR_00018,CR_YT_086,2024-02-19,2024-04-19,200000,21759,968,4.45,33,3.42,Y
CB_00929,BR_00074,CR_TK_101,2024-10-12,2024-12-11,5200000,91741,1321,1.44,18,1.37,N
CB_00930,BR_00082,CR_TK_011,2024-02-13,2024-02-27,24900000,1799,38,2.15,0,2.35,N
CB_00931,BR_00063,CR_TK_047,2025-02-08,2025-05-09,13600000,1889,58,3.1,2,3.87,Y
CB_00932,BR_00067,CR_YT_182,2025-09-12,2025-12-11,13200000,10388,416,4.01,9,2.33,Y
CB_00933,BR_00053,CR_YT_086,2025-05-30,2025-07-29,1300000,18299,236,1.29,9,3.98,Y
CB_00934,BR_00039,CR_YT_060,2025-09-10,2025-11-09,1700000,15225,167,1.1,3,2.21,Y
CB_00935,BR_00097,CR_YT_009,2024-08-08,2024-10-07,37400000,215352,6029,2.8,154,2.57,N
CB_00936,BR_00098,CR_TK_084,2024-05-23,2024-06-22,43900000,107444,4942,4.6,180,3.66,Y
CB_00937,BR_00033,CR_YT_250,2025-02-12,2025-04-13,4500000,4128,75,1.82,0,0.96,N
CB_00938,BR_00007,CR_YT_126,2024-05-29,2024-06-12,1900000,23806,680,2.86,12,1.85,N
CB_00939,BR_00084,CR_TK_147,2025-03-19,2025-04-02,13600000,123735,3773,3.05,81,2.17,Y
CB_00940,BR_00062,CR_YT_035,2024-12-26,2025-01-25,11500000,24471,406,1.66,16,3.97,Y
CB_00941,BR_00019,CR_TK_082,2025-07-29,2025-08-28,1300000,3495,123,3.52,2,1.8,N
CB_00942,BR_00058,CR_YT_207,2024-12-08,2025-03-08,2700000,2155,46,2.14,0,0.68,N
CB_00943,BR_00067,CR_YT_300,2024-05-06,2024-07-05,13700000,367132,11234,3.06,317,2.83,Y
CB_00944,BR_00071,CR_TK_074,2025-08-02,2025-10-31,1800000,39950,1889,4.73,34,1.82,Y
CB_00945,BR_00085,CR_TK_066,2025-03-26,2025-04-25,10700000,39396,705,1.79,18,2.66,Y
CB_00946,BR_00036,CR_YT_202,2024-08-13,2024-08-27,700000,704,10,1.53,0,1.96,N
CB_00947,BR_00025,CR_YT_214,2024-06-04,2024-08-03,600000,41494,1933,4.66,9,0.5,N
CB_00948,BR_00009,CR_YT_084,2024-02-08,2024-03-09,1000000,9849,185,1.88,6,3.7,Y
CB_00949,BR_00022,CR_TK_174,2025-05-20,2025-06-03,1400000,1068112,49133,4.6,1306,2.66,Y
CB_00950,BR_00048,CR_TK_136,2025-04-25,2025-05-25,2500000,58347,2689,4.61,83,3.1,Y
CB_00951,BR_00081,CR_TK_041,2024-11-30,2025-02-28,11300000,84256,3260,3.87,75,2.32,Y
CB_00952,BR_00036,CR_TK_113,2025-08-31,2025-09-30,1100000,322696,9454,2.93,155,1.65,N
CB_00953,BR_00066,CR_YT_154,2025-05-25,2025-07-24,4300000,34667,1459,4.21,20,1.4,N
CB_00954,BR_00019,CR_YT_285,2024-08-16,2024-09-15,3900000,207419,9582,4.62,358,3.74,Y
CB_00955,BR_00090,CR_YT_278,2025-06-01,2025-07-01,15800000,611235,19987,3.27,309,1.55,Y
CB_00956,BR_00032,CR_YT_084,2025-09-30,2025-11-29,1600000,8877,363,4.1,13,3.74,Y
CB_00957,BR_00008,CR_YT_224,2025-02-19,2025-04-20,1400000,1294,14,1.12,0,3.78,Y
CB_00958,BR_00016,CR_YT_158,2024-08-29,2024-10-28,1500000,3920,189,4.83,4,2.56,Y
CB_00959,BR_00052,CR_YT_221,2024-08-28,2024-09-27,1900000,96196,2250,2.34,58,2.59,N
CB_00960,BR_00076,CR_YT_193,2024-03-25,2024-04-08,6600000,31400,323,1.03,7,2.39,Y
CB_00961,BR_00064,CR_TK_160,2024-04-04,2024-05-04,25800000,2135,36,1.71,0,0.97,N
CB_00962,BR_00047,CR_TK_048,2024-12-31,2025-03-31,1900000,673,15,2.24,0,0.85,N
CB_00963,BR_00075,CR_YT_043,2024-02-10,2024-05-10,8400000,1186337,49351,4.16,1796,3.64,Y
CB_00964,BR_00063,CR_YT_056,2024-09-30,2024-12-29,9700000,323108,4168,1.29,110,2.64,Y
CB_00965,BR_00018,CR_YT_034,2025-04-18,2025-07-17,500000,33575,1376,4.1,31,2.3,Y
CB_00966,BR_00064,CR_TK_011,2024-08-17,2024-09-16,7100000,3923,143,3.66,4,2.93,Y
CB_00967,BR_00058,CR_YT_184,2025-06-05,2025-07-05,2100000,16664,433,2.6,14,3.32,Y
CB_00968,BR_00031,CR_TK_107,2024-11-12,2024-12-12,1700000,1780,67,3.81,0,0.63,N
CB_00969,BR_00008,CR_TK_001,2024-04-30,2024-05-30,1300000,17494,279,1.6,2,0.76,N
CB_00970,BR_00099,CR_YT_171,2024-11-23,2025-02-21,44700000,27142,716,2.64,26,3.75,Y
CB_00971,BR_00086,CR_TK_183,2025-07-19,2025-10-17,12800000,147040,6734,4.58,188,2.8,Y
CB_00972,BR_00047,CR_YT_081,2025-02-04,2025-03-06,3000000,12562,547,4.36,18,3.31,Y
CB_00973,BR_00050,CR_YT_096,2025-05-24,2025-07-23,2100000,22435,861,3.84,14,1.63,N
CB_00974,BR_00018,CR_TK_118,2024-11-30,2025-01-29,400000,21666,868,4.01,30,3.54,Y
CB_00975,BR_00024,CR_YT_004,2024-06-17,2024-07-17,1100000,2623,129,4.95,1,1.02,N
CB_00976,BR_00018,CR_YT_123,2025-06-09,2025-09-07,400000,171544,3104,1.81,35,1.13,N
CB_00977,BR_00005,CR_TK_095,2024-01-10,2024-02-09,4000000,46084,1147,2.49,5,0.51,N
CB_00978,BR_00062,CR_TK_096,2025-05-28,2025-06-27,11900000,272556,9893,3.63,304,3.08,Y
CB_00979,BR_00065,CR_YT_141,2025-06-27,2025-08-26,16000000,676300,23332,3.45,615,2.64,N
CB_00980,BR_00056,CR_TK_095,2024-02-10,2024-04-10,1900000,38496,831,2.16,33,3.99,Y
CB_00981,BR_00059,CR_YT_023,2024-10-18,2024-11-17,500000,13674,664,4.86,4,0.72,N
CB_00982,BR_00054,CR_TK_176,2025-04-19,2025-07-18,1200000,309770,13444,4.34,172,1.28,N
CB_00983,BR_00034,CR_YT_154,2025-10-29,2025-11-12,3100000,37171,1234,3.32,23,1.88,N
CB_00984,BR_00001,CR_YT_272,2024-08-22,2024-09-05,600000,246,4,1.96,0,0.51,N
CB_00985,BR_00007,CR_TK_191,2024-03-18,2024-04-17,2700000,23542,1120,4.76,6,0.56,N
CB_00986,BR_00094,CR_TK_107,2025-10-17,2025-11-16,90700000,2166,64,2.99,1,2.53,Y
CB_00987,BR_00069,CR_TK_039,2025-07-19,2025-08-18,17900000,22550,1059,4.7,19,1.86,Y
CB_00988,BR_00093,CR_YT_169,2024-06-30,2024-09-28,58100000,6370,173,2.72,2,1.65,Y
CB_00989,BR_00032,CR_TK_185,2025-05-06,2025-05-20,500000,87202,3418,3.92,37,1.09,Y
CB_00990,BR_00038,CR_TK_044,2024-09-20,2024-11-19,1300000,40454,1585,3.92,28,1.77,N
CB_00991,BR_00098,CR_TK_178,2024-10-22,2024-11-21,80000000,3407,121,3.56,0,0.77,N
CB_00992,BR_00020,CR_TK_148,2024-05-04,2024-05-18,2900000,47477,1937,4.08,61,3.15,Y
CB_00993,BR_00035,CR_TK_195,2024-07-02,2024-07-16,4400000,1737,52,3.0,1,3.42,Y
CB_00994,BR_00069,CR_YT_239,2025-06-07,2025-06-21,13100000,6110485,252974,4.14,4427,1.75,Y
CB_00995,BR_00012,CR_YT_181,2024-06-29,2024-08-28,2200000,599606,11992,2.0,67,0.56,N
CB_00996,BR_00080,CR_TK_112,2024-03-29,2024-04-12,12700000,11334,350,3.09,10,2.91,Y
CB_00997,BR_00025,CR_YT_246,2025-10-08,2025-11-07,300000,1129147,47085,4.17,946,2.01,Y
CB_00998,BR_00066,CR_TK_098,2025-02-16,2025-03-18,5600000,13220,387,2.93,9,2.55,Y
CB_00999,BR_00090,CR_YT_035,2024-08-20,2024-10-19,18800000,16315,373,2.29,6,1.79,Y
CB_01000,BR_00006,CR_YT_019,2025-04-08,2025-05-08,1100000,52197,2583,4.95,97,3.77,Y
