Creator_ID,Channel_Name,Handle,Platform,Category,Content_Type,Country,Followers,Avg_Views,Monthly_Views,Engagement_Rate,Nox_Score,Target_Age,Target_Gender,Estimated_CPM,Upload_Per_Month,Views_Trend_6M,Last_Upload_Date,Controversy_Flag,Ad_Content_Ratio,Risk_Score,Creator_Tier,Collab_Type_Pref,Created_At
CR_YT_001,뷰티퀸001,@yt_뷰티퀸001,YouTube,푸드,레시피,Korea,42098,9152,45760,8.28,4.7,18-34,Mixed,2200.0,14,상승,2025-11-08,없음,18,5.0,마이크로,먹방협찬,2025-05-23
CR_YT_002,뷰티퀸002,@yt_뷰티퀸002,YouTube,교육,스터디,Korea,95181,54823,548230,3.04,3.8,25-44,Mixed,7600.0,1,상승,2026-04-28,없음,26,3.7,마이크로,제품리뷰,2025-05-23
CR_YT_003,라이프브이로거003,@yt_라이프브이로거003,YouTube,라이프스타일,인테리어,Korea,498382,61070,549630,7.44,4.4,25-44,Female,7000.0,18,상승,2026-02-05,없음,40,4.2,마이크로,제품리뷰,2025-05-23
CR_YT_004,언박서004,@yt_언박서004,YouTube,교육,스터디,Korea,19116,1612,11284,9.39,5.0,25-44,Mixed,7900.0,4,유지,2026-01-11,없음,45,3.9,마이크로,제품리뷰,2025-05-23
CR_YT_005,언박서005,@yt_언박서005,YouTube,피트니스,운동루틴,Korea,379946,218987,1094935,7.51,2.5,18-34,Mixed,7000.0,6,유지,2026-02-06,없음,45,3.9,마이크로,PPL,2025-05-23
CR_YT_006,먹방킹006,@yt_먹방킹006,YouTube,피트니스,영양,Korea,133659,87384,873840,3.58,2.6,18-34,Mixed,8600.0,23,상승,2025-12-25,없음,30,4.7,마이크로,챌린지,2025-05-23
CR_YT_007,댄스스타007,@yt_댄스스타007,YouTube,패션,OOTD,Korea,688637,312801,3128010,10.82,3.2,18-34,Female,3100.0,5,유지,2026-03-07,없음,8,4.7,마이크로,PPL,2025-05-23
CR_YT_008,레시피북008,@yt_레시피북008,YouTube,테크,비교영상,Korea,60432,20318,223498,6.58,4.9,25-44,Male,8000.0,1,하락,2026-05-04,없음,39,2.0,마이크로,브랜디드,2025-05-23
CR_YT_009,홈쿡009,@yt_홈쿡009,YouTube,피트니스,운동루틴,Korea,265840,103755,830040,11.68,4.3,18-34,Mixed,5300.0,4,하락,2026-01-16,확인필요,43,1.5,마이크로,챌린지,2025-05-23
CR_YT_010,게임마스터010,@yt_게임마스터010,YouTube,피트니스,홈트,Korea,79514,58750,528750,6.12,2.3,18-34,Mixed,4200.0,10,상승,2025-11-15,없음,41,4.2,마이크로,챌린지,2025-05-23
CR_YT_011,테크리뷰011,@yt_테크리뷰011,YouTube,여행,명소소개,Korea,9727,6073,36438,8.09,4.8,25-44,Mixed,2700.0,17,유지,2026-02-17,없음,39,3.9,나노,브랜디드,2025-05-23
CR_YT_012,GRWM크리에이터012,@yt_grwm크리에이터012,YouTube,패션,하울,Korea,7118,2694,32328,5.69,2.7,18-34,Female,2000.0,1,유지,2026-03-22,없음,42,2.9,나노,PPL,2025-05-23
CR_YT_013,먹방킹013,@yt_먹방킹013,YouTube,푸드,쿡방,Korea,132938,92355,461775,6.41,2.8,18-34,Mixed,5100.0,18,상승,2026-05-05,없음,41,4.2,마이크로,제품리뷰,2025-05-23
CR_YT_014,레시피북014,@yt_레시피북014,YouTube,여행,숙박리뷰,Korea,201639,109739,987651,5.37,3.4,25-44,Mixed,7000.0,22,하락,2026-04-15,없음,8,3.8,마이크로,브랜디드,2025-05-23
CR_YT_015,홈쿡015,@yt_홈쿡015,YouTube,피트니스,홈트,Korea,299448,135414,812484,5.35,2.8,18-34,Mixed,3400.0,3,유지,2026-05-26,없음,11,4.2,마이크로,PPL,2025-05-23
CR_YT_016,뷰티퀸016,@yt_뷰티퀸016,YouTube,게임,업적,Korea,4872,851,9361,6.04,4.6,13-24,Male,8300.0,6,유지,2025-11-01,없음,21,4.7,나노,PPL,2025-05-23
CR_YT_017,테크몽017,@yt_테크몽017,YouTube,엔터테인먼트,개그,Korea,73788,12256,98048,3.0,2.2,13-24,Mixed,7000.0,2,하락,2026-01-20,없음,8,3.3,마이크로,브랜디드,2025-05-23
CR_YT_018,게임마스터018,@yt_게임마스터018,YouTube,게임,공략,Korea,3129987,344560,2067360,1.29,2.2,13-24,Male,8000.0,13,상승,2026-03-26,없음,42,4.2,매크로,브랜디드,2025-05-23
CR_YT_019,레시피북019,@yt_레시피북019,YouTube,푸드,맛집투어,Korea,84085,37172,297376,2.85,4.1,18-34,Mixed,3300.0,13,상승,2026-04-21,없음,34,4.7,마이크로,제품리뷰,2025-05-23
CR_YT_020,IT리뷰어020,@yt_it리뷰어020,YouTube,뷰티,GRWM,Korea,83792,66788,333940,6.68,3.5,18-34,Female,2500.0,12,상승,2026-01-02,없음,23,5.0,마이크로,튜토리얼리뷰,2025-05-23
CR_YT_021,교육튜터021,@yt_교육튜터021,YouTube,게임,리뷰,Korea,95717,42757,513084,3.94,4.0,13-24,Male,8500.0,5,상승,2025-11-30,없음,40,4.2,마이크로,PPL,2025-05-23
CR_YT_022,맛집탐방가022,@yt_맛집탐방가022,YouTube,패션,OOTD,Korea,459536,93147,745176,6.31,2.8,18-34,Female,8300.0,2,상승,2026-04-12,없음,22,4.5,마이크로,PPL,2025-05-23
CR_YT_023,댄스스타023,@yt_댄스스타023,YouTube,피트니스,다이어트,Korea,44335,7589,83479,6.84,3.3,18-34,Mixed,1600.0,3,하락,2025-12-09,없음,7,3.3,마이크로,PPL,2025-05-23
CR_YT_024,댄스스타024,@yt_댄스스타024,YouTube,게임,리뷰,Korea,15482,4353,17412,10.84,2.6,13-24,Male,3400.0,4,상승,2026-05-19,없음,31,4.7,마이크로,제품리뷰,2025-05-23
CR_YT_025,게임마스터025,@yt_게임마스터025,YouTube,테크,팁강의,Korea,1406,259,2331,9.5,3.2,25-44,Male,6500.0,24,상승,2026-01-08,없음,11,5.0,나노,언박싱리뷰,2025-05-23
CR_YT_026,패션피플026,@yt_패션피플026,YouTube,여행,숙박리뷰,Korea,582662,181932,1273524,3.06,4.0,25-44,Mixed,4500.0,9,상승,2026-05-17,없음,27,4.7,마이크로,브랜디드,2025-05-23
CR_YT_027,라이프브이로거027,@yt_라이프브이로거027,YouTube,게임,업적,Korea,2889,2044,16352,2.55,4.9,13-24,Male,3500.0,4,유지,2026-02-20,없음,25,4.7,나노,브랜디드,2025-05-23
CR_YT_029,맛집탐방가029,@yt_맛집탐방가029,YouTube,피트니스,영양,Korea,989208,141920,1135360,6.33,4.0,18-34,Mixed,3900.0,23,상승,2026-03-22,없음,17,5.0,마이크로,PPL,2025-05-23
CR_YT_030,게임마스터030,@yt_게임마스터030,YouTube,엔터테인먼트,개그,Korea,49446,17531,70124,3.99,2.6,13-24,Mixed,7400.0,20,하락,2026-01-22,없음,33,3.5,마이크로,브랜디드,2025-05-23
CR_YT_031,뷰티랩031,@yt_뷰티랩031,YouTube,라이프스타일,홈투어,Korea,32241,17543,140344,6.43,3.9,25-44,Female,4000.0,25,상승,2026-04-22,없음,19,5.0,마이크로,일상PPL,2025-05-23
CR_YT_032,먹방킹032,@yt_먹방킹032,YouTube,뷰티,GRWM,Korea,598216,304166,1520830,5.74,4.7,18-34,Female,5800.0,23,하락,2026-02-07,없음,30,3.5,마이크로,GRWM협찬,2025-05-23
CR_YT_033,홈쿡033,@yt_홈쿡033,YouTube,뷰티,리뷰,Korea,4585,834,10008,5.84,3.7,18-34,Female,8400.0,4,유지,2025-12-05,없음,38,3.9,나노,튜토리얼리뷰,2025-05-23
CR_YT_034,뷰티랩034,@yt_뷰티랩034,YouTube,교육,요약,Korea,81810,31450,188700,9.05,3.4,25-44,Mixed,3400.0,8,하락,2026-01-10,확인필요,36,1.5,마이크로,브랜디드,2025-05-23
CR_YT_035,테크리뷰035,@yt_테크리뷰035,YouTube,여행,숙박리뷰,Korea,40735,10337,93033,10.77,2.2,25-44,Mixed,2600.0,13,하락,2025-12-10,없음,9,3.8,마이크로,PPL,2025-05-23
CR_YT_036,테크몽036,@yt_테크몽036,YouTube,피트니스,다이어트,Korea,18161,3725,37250,4.98,4.3,18-34,Mixed,8600.0,1,유지,2026-02-06,없음,5,3.7,마이크로,제품리뷰,2025-05-23
CR_YT_037,레시피북037,@yt_레시피북037,YouTube,엔터테인먼트,개그,Korea,81582,53020,371140,6.11,2.8,13-24,Mixed,5100.0,13,상승,2026-04-21,없음,15,5.0,마이크로,PPL,2025-05-23
CR_YT_038,테크몽038,@yt_테크몽038,YouTube,교육,요약,Korea,2652640,1310190,5240760,1.47,3.3,25-44,Mixed,8000.0,6,상승,2026-01-06,없음,25,5.0,매크로,브랜디드,2025-05-23
CR_YT_039,라이프브이로거039,@yt_라이프브이로거039,YouTube,피트니스,홈트,Korea,7211,1865,18650,3.4,2.2,18-34,Mixed,1600.0,18,상승,2026-01-29,없음,9,5.0,나노,챌린지,2025-05-23
CR_YT_040,여행러040,@yt_여행러040,YouTube,라이프스타일,일상브이로그,Korea,3496,800,8800,8.2,3.7,25-44,Female,3100.0,23,상승,2026-05-16,없음,15,5.0,나노,일상PPL,2025-05-23
CR_YT_041,홈쿡041,@yt_홈쿡041,YouTube,패션,OOTD,Korea,50888,24520,245200,5.06,4.1,18-34,Female,2100.0,23,하락,2026-01-02,없음,24,3.8,마이크로,하울,2025-05-23
CR_YT_042,언박서042,@yt_언박서042,YouTube,뷰티,언박싱,Korea,96706,31712,380544,7.95,2.0,18-34,Female,4600.0,16,상승,2026-02-19,없음,45,4.2,마이크로,브랜디드,2025-05-23
CR_YT_043,레시피북043,@yt_레시피북043,YouTube,테크,비교영상,Korea,647091,500916,4007328,7.58,4.8,25-44,Male,7300.0,15,유지,2026-05-07,없음,22,4.7,마이크로,언박싱리뷰,2025-05-23
CR_YT_044,피트니스코치044,@yt_피트니스코치044,YouTube,푸드,맛집투어,Korea,4995,3061,30610,4.37,3.5,18-34,Mixed,3900.0,16,상승,2026-01-30,없음,26,4.7,나노,먹방협찬,2025-05-23
CR_YT_045,테크몽045,@yt_테크몽045,YouTube,패션,OOTD,Korea,4976462,961911,6733377,8.78,3.5,18-34,Female,7200.0,23,유지,2026-04-15,없음,33,4.4,매크로,PPL,2025-05-23
CR_YT_046,패션피플046,@yt_패션피플046,YouTube,패션,코디추천,Korea,41890,11714,105426,5.94,3.6,18-34,Female,4700.0,24,유지,2026-01-24,없음,34,4.4,마이크로,OOTD협찬,2025-05-23
CR_YT_047,패션피플047,@yt_패션피플047,YouTube,패션,코디추천,Korea,301939,86554,1038648,11.44,4.1,18-34,Female,2900.0,24,유지,2026-01-10,없음,38,3.9,마이크로,PPL,2025-05-23
CR_YT_048,교육튜터048,@yt_교육튜터048,YouTube,라이프스타일,일상브이로그,Korea,288158,79733,956796,1.96,2.1,25-44,Female,1900.0,10,하락,2025-12-03,없음,11,3.8,마이크로,제품리뷰,2025-05-23
CR_YT_049,쿡방장인049,@yt_쿡방장인049,YouTube,패션,OOTD,Korea,54657,10290,41160,3.4,4.6,18-34,Female,2400.0,3,유지,2026-03-06,없음,41,3.4,마이크로,PPL,2025-05-23
CR_YT_050,홈투어050,@yt_홈투어050,YouTube,테크,팁강의,Korea,2395,1905,9525,6.92,3.2,25-44,Male,6000.0,20,상승,2026-05-18,확인필요,29,3.2,나노,제품리뷰,2025-05-23
CR_YT_051,홈투어051,@yt_홈투어051,YouTube,패션,하울,Korea,6003,2860,11440,7.51,4.2,18-34,Female,8600.0,7,하락,2025-12-25,없음,10,3.8,나노,PPL,2025-05-23
CR_YT_052,테크몽052,@yt_테크몽052,YouTube,테크,언박싱,Korea,1011222,360387,3964257,3.85,2.7,25-44,Male,6800.0,23,유지,2025-11-19,없음,21,4.7,매크로,제품리뷰,2025-05-23
CR_YT_053,테크몽053,@yt_테크몽053,YouTube,푸드,쿡방,Korea,256226,187380,1124280,1.32,2.5,18-34,Mixed,3800.0,24,유지,2026-01-13,없음,12,4.7,마이크로,먹방협찬,2025-05-23
CR_YT_054,GRWM크리에이터054,@yt_grwm크리에이터054,YouTube,패션,하울,Korea,9199,4185,46035,1.43,2.1,18-34,Female,4700.0,11,유지,2026-01-04,없음,10,4.7,나노,하울,2025-05-23
CR_YT_055,홈투어055,@yt_홈투어055,YouTube,교육,자격증,Korea,5415,2611,15666,5.91,4.0,25-44,Mixed,8400.0,6,유지,2026-02-20,없음,10,4.7,나노,브랜디드,2025-05-23
CR_YT_056,라이프브이로거056,@yt_라이프브이로거056,YouTube,엔터테인먼트,커버댄스,Korea,209680,145371,1308339,5.23,3.5,13-24,Mixed,6500.0,13,유지,2025-11-10,없음,10,4.7,마이크로,챌린지,2025-05-23
CR_YT_057,홈쿡057,@yt_홈쿡057,YouTube,피트니스,영양,Korea,7622,5325,21300,8.06,3.6,18-34,Mixed,4600.0,7,유지,2026-02-01,없음,36,3.9,나노,챌린지,2025-05-23
CR_YT_058,피트니스코치058,@yt_피트니스코치058,YouTube,라이프스타일,일상브이로그,Korea,47752,18078,198858,1.9,4.9,25-44,Female,6100.0,8,하락,2025-12-11,없음,40,3.0,마이크로,제품리뷰,2025-05-23
CR_YT_059,테크리뷰059,@yt_테크리뷰059,YouTube,엔터테인먼트,개그,Korea,982277,721676,7938436,11.39,3.9,13-24,Mixed,2700.0,23,상승,2026-03-11,없음,31,4.7,마이크로,챌린지,2025-05-23
CR_YT_060,IT리뷰어060,@yt_it리뷰어060,YouTube,라이프스타일,일상브이로그,Korea,60277,11630,139560,9.08,2.4,25-44,Female,2000.0,25,유지,2026-01-27,확인필요,22,3.2,마이크로,브랜디드,2025-05-23
CR_YT_061,홈투어061,@yt_홈투어061,YouTube,패션,하울,Korea,96499,40262,241572,5.64,3.5,18-34,Female,4000.0,25,유지,2026-02-05,없음,25,4.7,마이크로,하울,2025-05-23
CR_YT_062,홈투어062,@yt_홈투어062,YouTube,라이프스타일,홈투어,Korea,63841,5281,58091,8.61,4.4,25-44,Female,4400.0,22,하락,2025-12-09,없음,7,3.8,마이크로,제품리뷰,2025-05-23
CR_YT_063,라이프브이로거063,@yt_라이프브이로거063,YouTube,교육,자격증,Korea,8213,1024,11264,0.68,2.4,25-44,Mixed,8000.0,5,상승,2026-03-01,없음,26,4.7,나노,PPL,2025-05-23
CR_YT_064,라이프브이로거064,@yt_라이프브이로거064,YouTube,푸드,맛집투어,Korea,9742,3263,29367,7.71,4.7,18-34,Mixed,5200.0,18,상승,2026-04-08,없음,20,5.0,나노,제품리뷰,2025-05-23
CR_YT_065,레시피북065,@yt_레시피북065,YouTube,푸드,레시피,Korea,2646,1012,8096,10.89,2.1,18-34,Mixed,7500.0,10,상승,2026-02-04,없음,14,5.0,나노,먹방협찬,2025-05-23
CR_YT_066,홈투어066,@yt_홈투어066,YouTube,엔터테인먼트,커버댄스,Korea,33600,5963,29815,7.51,3.1,13-24,Mixed,6600.0,16,유지,2025-12-07,없음,34,4.4,마이크로,챌린지,2025-05-23
CR_YT_067,뷰티퀸067,@yt_뷰티퀸067,YouTube,패션,PPL,Korea,8622,6258,75096,2.32,3.3,18-34,Female,4100.0,19,상승,2026-04-13,없음,21,5.0,나노,OOTD협찬,2025-05-23
CR_YT_068,GRWM크리에이터068,@yt_grwm크리에이터068,YouTube,라이프스타일,일상브이로그,Korea,2747,626,5634,7.11,5.0,25-44,Female,3700.0,22,유지,2026-01-10,없음,41,3.9,나노,제품리뷰,2025-05-23
CR_YT_069,교육튜터069,@yt_교육튜터069,YouTube,여행,브이로그,Korea,4770,2410,21690,3.02,2.6,25-44,Mixed,3400.0,25,하락,2026-05-16,없음,45,3.0,나노,브랜디드,2025-05-23
CR_YT_070,교육튜터070,@yt_교육튜터070,YouTube,뷰티,리뷰,Korea,1546,749,4494,1.54,2.9,18-34,Female,7100.0,6,상승,2025-12-04,없음,28,4.7,나노,GRWM협찬,2025-05-23
CR_YT_071,쿡방장인071,@yt_쿡방장인071,YouTube,패션,코디추천,Korea,5835,3558,32022,9.75,3.4,18-34,Female,2100.0,25,상승,2026-04-23,없음,40,4.2,나노,PPL,2025-05-23
CR_YT_072,뷰티퀸072,@yt_뷰티퀸072,YouTube,엔터테인먼트,커버댄스,Korea,229592,89791,718328,7.22,4.5,13-24,Mixed,8600.0,4,하락,2025-12-30,없음,6,3.8,마이크로,브랜디드,2025-05-23
CR_YT_073,테크리뷰073,@yt_테크리뷰073,YouTube,라이프스타일,홈투어,Korea,70852,51866,414928,7.97,2.4,25-44,Female,1800.0,2,상승,2026-03-07,없음,11,4.5,마이크로,제품리뷰,2025-05-23
CR_YT_075,언박서075,@yt_언박서075,YouTube,뷰티,GRWM,Korea,566297,432037,3888333,1.64,4.1,18-34,Female,5600.0,21,상승,2025-11-16,없음,22,5.0,마이크로,GRWM협찬,2025-05-23
CR_YT_076,테크리뷰076,@yt_테크리뷰076,YouTube,여행,명소소개,Korea,94109,49841,199364,1.08,3.0,25-44,Mixed,8900.0,19,상승,2025-11-18,없음,18,5.0,마이크로,협찬리뷰,2025-05-23
CR_YT_077,댄스스타077,@yt_댄스스타077,YouTube,피트니스,다이어트,Korea,1046,269,1614,11.86,3.6,18-34,Mixed,7500.0,4,하락,2025-11-07,없음,5,3.8,나노,챌린지,2025-05-23
CR_YT_078,라이프브이로거078,@yt_라이프브이로거078,YouTube,교육,자격증,Korea,2113032,188692,1886920,6.55,4.2,25-44,Mixed,5100.0,25,상승,2026-03-12,없음,11,5.0,매크로,PPL,2025-05-23
CR_YT_079,맛집탐방가079,@yt_맛집탐방가079,YouTube,라이프스타일,미니멀,Korea,4285092,3134818,37617816,3.97,3.9,25-44,Female,1700.0,16,유지,2026-02-18,없음,36,3.9,매크로,일상PPL,2025-05-23
CR_YT_080,라이프브이로거080,@yt_라이프브이로거080,YouTube,푸드,먹방,Korea,18609,2691,32292,8.69,3.1,18-34,Mixed,6000.0,10,유지,2026-03-10,없음,32,4.4,마이크로,먹방협찬,2025-05-23
CR_YT_081,테크몽081,@yt_테크몽081,YouTube,푸드,맛집투어,Korea,38183,14225,99575,5.26,4.5,18-34,Mixed,4500.0,24,상승,2026-01-20,없음,25,5.0,마이크로,레시피협찬,2025-05-23
CR_YT_082,쿡방장인082,@yt_쿡방장인082,YouTube,테크,비교영상,Korea,4488704,511816,5118160,1.61,4.2,25-44,Male,7600.0,18,상승,2026-03-31,없음,40,4.2,매크로,브랜디드,2025-05-23
CR_YT_083,레시피북083,@yt_레시피북083,YouTube,푸드,레시피,Korea,97207,73473,734730,10.48,4.2,18-34,Mixed,8800.0,20,상승,2026-01-30,없음,41,4.2,마이크로,제품리뷰,2025-05-23
CR_YT_084,패션피플084,@yt_패션피플084,YouTube,여행,브이로그,Korea,6736,4607,41463,1.82,2.8,25-44,Mixed,3200.0,14,유지,2026-05-16,없음,44,3.9,나노,브랜디드,2025-05-23
CR_YT_085,뷰티퀸085,@yt_뷰티퀸085,YouTube,패션,OOTD,Korea,836833,520348,4683132,4.54,2.5,18-34,Female,2600.0,22,유지,2025-11-18,없음,45,3.9,마이크로,PPL,2025-05-23
CR_YT_086,여행러086,@yt_여행러086,YouTube,게임,공략,Korea,69460,21231,191079,4.08,3.0,13-24,Male,8600.0,20,상승,2025-11-14,없음,15,5.0,마이크로,브랜디드,2025-05-23
CR_YT_087,피트니스코치087,@yt_피트니스코치087,YouTube,푸드,쿡방,Korea,65576,27164,298804,5.26,2.6,18-34,Mixed,5300.0,12,유지,2025-11-29,없음,42,3.9,마이크로,먹방협찬,2025-05-23
CR_YT_088,먹방킹088,@yt_먹방킹088,YouTube,패션,PPL,Korea,728437,66350,464450,3.97,2.6,18-34,Female,2500.0,9,상승,2026-01-23,없음,5,5.0,마이크로,하울,2025-05-23
CR_YT_089,게임마스터089,@yt_게임마스터089,YouTube,엔터테인먼트,개그,Korea,658453,380423,4565076,6.93,4.0,13-24,Mixed,4200.0,13,하락,2025-11-11,없음,6,3.8,마이크로,PPL,2025-05-23
CR_YT_090,홈투어090,@yt_홈투어090,YouTube,피트니스,영양,Korea,63008,36678,366780,3.83,3.2,18-34,Mixed,8700.0,6,유지,2026-02-26,없음,10,4.7,마이크로,챌린지,2025-05-23
CR_YT_091,레시피북091,@yt_레시피북091,YouTube,라이프스타일,홈투어,Korea,78676,8574,68592,9.08,2.7,25-44,Female,7300.0,3,유지,2026-04-12,없음,38,3.4,마이크로,브랜디드,2025-05-23
CR_YT_092,댄스스타092,@yt_댄스스타092,YouTube,피트니스,영양,Korea,253557,61354,368124,7.43,4.3,18-34,Mixed,6400.0,6,하락,2026-03-07,없음,41,3.0,마이크로,PPL,2025-05-23
CR_YT_093,맛집탐방가093,@yt_맛집탐방가093,YouTube,교육,강의,Korea,757685,217534,2392874,1.29,3.3,25-44,Mixed,3800.0,9,유지,2025-11-15,없음,37,3.9,마이크로,브랜디드,2025-05-23
CR_YT_094,IT리뷰어094,@yt_it리뷰어094,YouTube,여행,브이로그,Korea,2546597,1715826,8579130,7.91,4.9,25-44,Mixed,2200.0,20,유지,2026-02-07,없음,42,3.9,매크로,PPL,2025-05-23
CR_YT_095,여행러095,@yt_여행러095,YouTube,교육,요약,Korea,598733,255075,1020300,5.68,4.4,25-44,Mixed,7800.0,23,상승,2026-03-10,없음,7,5.0,마이크로,PPL,2025-05-23
CR_YT_096,IT리뷰어096,@yt_it리뷰어096,YouTube,여행,여행팁,Korea,89928,15203,136827,11.06,3.2,25-44,Mixed,7300.0,22,유지,2025-11-14,없음,9,4.7,마이크로,협찬리뷰,2025-05-23
CR_YT_097,GRWM크리에이터097,@yt_grwm크리에이터097,YouTube,게임,공략,Korea,858889,591495,3548970,4.33,3.7,13-24,Male,2600.0,12,상승,2026-04-17,없음,13,5.0,마이크로,PPL,2025-05-23
CR_YT_098,GRWM크리에이터098,@yt_grwm크리에이터098,YouTube,게임,스트리밍,Korea,53054,35009,420108,1.57,4.0,13-24,Male,5300.0,1,상승,2026-01-19,없음,18,4.0,마이크로,PPL,2025-05-23
CR_YT_099,패션피플099,@yt_패션피플099,YouTube,라이프스타일,홈투어,Korea,3538,381,1905,6.34,3.6,25-44,Female,7000.0,17,상승,2026-04-19,없음,44,4.2,나노,제품리뷰,2025-05-23
CR_YT_100,댄스스타100,@yt_댄스스타100,YouTube,엔터테인먼트,개그,Korea,971728,553529,3321174,8.79,2.1,13-24,Mixed,4200.0,24,상승,2026-02-22,없음,23,5.0,마이크로,PPL,2025-05-23
CR_YT_101,패션피플101,@yt_패션피플101,YouTube,게임,업적,Korea,947903,605025,4235175,4.73,4.8,13-24,Male,8900.0,15,상승,2026-05-19,없음,37,4.2,마이크로,제품리뷰,2025-05-23
CR_YT_102,맛집탐방가102,@yt_맛집탐방가102,YouTube,라이프스타일,인테리어,Korea,362147,32279,355069,10.55,3.7,25-44,Female,2300.0,17,상승,2026-01-12,없음,15,5.0,마이크로,브랜디드,2025-05-23
CR_YT_103,댄스스타103,@yt_댄스스타103,YouTube,게임,리뷰,Korea,2502,1901,13307,9.89,4.7,13-24,Male,8500.0,14,상승,2026-02-10,확인필요,28,3.2,나노,PPL,2025-05-23
CR_YT_104,언박서104,@yt_언박서104,YouTube,푸드,먹방,Korea,434165,324807,2923263,9.6,2.4,18-34,Mixed,3700.0,16,하락,2025-12-06,없음,33,3.5,마이크로,제품리뷰,2025-05-23
CR_YT_106,쿡방장인106,@yt_쿡방장인106,YouTube,푸드,먹방,Korea,12154,6368,44576,8.76,2.9,18-34,Mixed,1500.0,12,상승,2026-03-27,없음,16,5.0,마이크로,먹방협찬,2025-05-23
CR_YT_107,테크리뷰107,@yt_테크리뷰107,YouTube,피트니스,다이어트,Korea,9914,4267,51204,6.87,3.2,18-34,Mixed,5000.0,21,유지,2026-02-04,없음,6,4.7,나노,챌린지,2025-05-23
CR_YT_108,패션피플108,@yt_패션피플108,YouTube,피트니스,운동루틴,Korea,92346,11797,106173,2.03,3.1,18-34,Mixed,4000.0,21,상승,2026-05-19,없음,35,4.7,마이크로,챌린지,2025-05-23
CR_YT_109,IT리뷰어109,@yt_it리뷰어109,YouTube,푸드,레시피,Korea,1845533,152911,1070377,10.69,2.9,18-34,Mixed,3800.0,13,유지,2026-03-02,없음,7,4.7,매크로,레시피협찬,2025-05-23
CR_YT_110,먹방킹110,@yt_먹방킹110,YouTube,피트니스,다이어트,Korea,6438,1641,14769,5.52,3.2,18-34,Mixed,4800.0,13,상승,2025-12-18,없음,36,4.2,나노,PPL,2025-05-23
CR_YT_111,테크리뷰111,@yt_테크리뷰111,YouTube,패션,PPL,Korea,20345,7587,45522,6.77,3.0,18-34,Female,2100.0,22,상승,2026-01-18,없음,43,4.2,마이크로,PPL,2025-05-23
CR_YT_112,언박서112,@yt_언박서112,YouTube,여행,명소소개,Korea,56210,28731,287310,3.66,4.9,25-44,Mixed,8600.0,3,하락,2026-04-13,없음,28,3.0,마이크로,협찬리뷰,2025-05-23
CR_YT_113,맛집탐방가113,@yt_맛집탐방가113,YouTube,테크,비교영상,Korea,67432,5131,25655,3.21,3.9,25-44,Male,4200.0,19,상승,2026-04-04,없음,33,4.7,마이크로,제품리뷰,2025-05-23
CR_YT_114,테크리뷰114,@yt_테크리뷰114,YouTube,여행,브이로그,Korea,79397,25820,232380,7.97,2.7,25-44,Mixed,2400.0,24,상승,2026-03-08,확인필요,29,3.2,마이크로,PPL,2025-05-23
CR_YT_115,IT리뷰어115,@yt_it리뷰어115,YouTube,패션,코디추천,Korea,741599,195917,2155087,2.8,2.4,18-34,Female,2100.0,6,하락,2026-02-22,없음,25,3.8,마이크로,하울,2025-05-23
CR_YT_117,언박서117,@yt_언박서117,YouTube,교육,강의,Korea,82305,12125,60625,1.26,3.2,25-44,Mixed,6900.0,16,유지,2026-02-14,없음,41,3.9,마이크로,제품리뷰,2025-05-23
CR_YT_118,테크리뷰118,@yt_테크리뷰118,YouTube,피트니스,홈트,Korea,99143,43426,260556,10.6,4.3,18-34,Mixed,6300.0,6,상승,2026-02-19,확인필요,8,3.5,마이크로,PPL,2025-05-23
CR_YT_119,교육튜터119,@yt_교육튜터119,YouTube,테크,언박싱,Korea,438334,329212,2304484,4.48,4.8,25-44,Male,8200.0,3,상승,2025-12-21,없음,22,4.5,마이크로,브랜디드,2025-05-23
CR_YT_120,맛집탐방가120,@yt_맛집탐방가120,YouTube,패션,OOTD,Korea,75873,40268,241608,2.47,3.9,18-34,Female,8300.0,11,유지,2025-11-11,없음,10,4.7,마이크로,하울,2025-05-23
CR_YT_121,피트니스코치121,@yt_피트니스코치121,YouTube,교육,자격증,Korea,84991,30804,123216,6.23,3.9,25-44,Mixed,3700.0,10,유지,2026-01-02,없음,24,4.7,마이크로,제품리뷰,2025-05-23
CR_YT_122,게임마스터122,@yt_게임마스터122,YouTube,뷰티,튜토리얼,Korea,73471,29265,263385,7.48,2.9,18-34,Female,6900.0,24,상승,2026-02-11,없음,28,4.7,마이크로,튜토리얼리뷰,2025-05-23
CR_YT_123,IT리뷰어123,@yt_it리뷰어123,YouTube,라이프스타일,인테리어,Korea,571435,134823,674115,1.08,4.8,25-44,Female,8000.0,14,상승,2025-12-11,없음,41,4.2,마이크로,일상PPL,2025-05-23
CR_YT_124,쿡방장인124,@yt_쿡방장인124,YouTube,테크,리뷰,Korea,8648,3667,29336,0.0,2.3,25-44,Male,4400.0,15,상승,2025-12-26,없음,27,4.7,나노,언박싱리뷰,2025-05-23
CR_YT_125,쿡방장인125,@yt_쿡방장인125,YouTube,패션,OOTD,Korea,95755,53085,424680,6.67,4.5,18-34,Female,4700.0,9,하락,2026-02-02,없음,28,3.5,마이크로,OOTD협찬,2025-05-23
CR_YT_126,홈투어126,@yt_홈투어126,YouTube,뷰티,튜토리얼,Korea,57516,26740,133700,4.94,3.4,18-34,Female,5600.0,20,하락,2026-04-06,없음,13,3.8,마이크로,튜토리얼리뷰,2025-05-23
CR_YT_127,라이프브이로거127,@yt_라이프브이로거127,YouTube,피트니스,영양,Korea,57920,35691,249837,7.43,3.2,18-34,Mixed,1800.0,2,상승,2026-05-02,없음,35,4.2,마이크로,챌린지,2025-05-23
CR_YT_128,뷰티랩128,@yt_뷰티랩128,YouTube,교육,스터디,Korea,742848,214606,2146060,11.89,4.2,25-44,Mixed,3700.0,11,유지,2026-03-11,없음,36,3.9,마이크로,브랜디드,2025-05-23
CR_YT_129,언박서129,@yt_언박서129,YouTube,뷰티,GRWM,Korea,214928,168702,1349616,9.66,4.2,18-34,Female,6700.0,1,유지,2026-03-02,없음,42,2.9,마이크로,브랜디드,2025-05-23
CR_YT_130,홈투어130,@yt_홈투어130,YouTube,뷰티,리뷰,Korea,78712,41069,410690,2.2,4.0,18-34,Female,1700.0,23,상승,2025-12-19,없음,33,4.7,마이크로,튜토리얼리뷰,2025-05-23
CR_YT_131,레시피북131,@yt_레시피북131,YouTube,테크,팁강의,Korea,63788,27196,299156,10.54,4.2,25-44,Male,2000.0,5,유지,2025-12-24,없음,25,4.7,마이크로,브랜디드,2025-05-23
CR_YT_132,라이프브이로거132,@yt_라이프브이로거132,YouTube,엔터테인먼트,개그,Korea,8531,6262,56358,6.78,4.0,13-24,Mixed,8000.0,22,하락,2026-05-25,없음,44,3.0,나노,PPL,2025-05-23
CR_YT_133,피트니스코치133,@yt_피트니스코치133,YouTube,라이프스타일,인테리어,Korea,39473,29846,238768,9.37,4.1,25-44,Female,6700.0,16,상승,2026-03-03,없음,40,4.2,마이크로,브랜디드,2025-05-23
CR_YT_134,홈투어134,@yt_홈투어134,YouTube,푸드,쿡방,Korea,59767,43141,431410,9.91,4.9,18-34,Mixed,7500.0,10,상승,2026-01-13,없음,27,4.7,마이크로,먹방협찬,2025-05-23
CR_YT_135,쿡방장인135,@yt_쿡방장인135,YouTube,패션,하울,Korea,968170,439484,5273808,8.51,2.4,18-34,Female,6100.0,19,상승,2026-01-02,없음,38,4.2,마이크로,하울,2025-05-23
CR_YT_136,먹방킹136,@yt_먹방킹136,YouTube,라이프스타일,홈투어,Korea,446337,262454,1312270,8.33,2.4,25-44,Female,8700.0,6,유지,2026-04-17,없음,35,4.4,마이크로,브랜디드,2025-05-23
CR_YT_137,교육튜터137,@yt_교육튜터137,YouTube,피트니스,영양,Korea,21725,11714,81998,6.65,4.2,18-34,Mixed,8500.0,6,유지,2025-12-16,없음,30,4.4,마이크로,챌린지,2025-05-23
CR_YT_138,먹방킹138,@yt_먹방킹138,YouTube,패션,하울,Korea,3382204,1698161,15283449,3.77,5.0,18-34,Female,5600.0,16,상승,2026-03-10,없음,22,5.0,매크로,PPL,2025-05-23
CR_YT_139,게임마스터139,@yt_게임마스터139,YouTube,피트니스,영양,Korea,94972,23073,138438,0.66,3.0,18-34,Mixed,3700.0,22,상승,2025-12-15,없음,45,4.2,마이크로,제품리뷰,2025-05-23
CR_YT_140,라이프브이로거140,@yt_라이프브이로거140,YouTube,게임,스트리밍,Korea,3807062,462705,2776230,5.99,4.8,13-24,Male,1600.0,13,상승,2026-02-23,없음,26,4.7,매크로,브랜디드,2025-05-23
CR_YT_141,뷰티퀸141,@yt_뷰티퀸141,YouTube,교육,스터디,Korea,477017,271697,1086788,8.18,3.4,25-44,Mixed,2700.0,22,유지,2026-04-30,없음,12,4.7,마이크로,브랜디드,2025-05-23
CR_YT_142,패션피플142,@yt_패션피플142,YouTube,교육,요약,Korea,240057,98096,1079056,9.1,3.8,25-44,Mixed,4600.0,18,유지,2026-05-13,없음,18,4.7,마이크로,PPL,2025-05-23
CR_YT_143,테크리뷰143,@yt_테크리뷰143,YouTube,교육,요약,Korea,79228,45779,228895,11.05,2.3,25-44,Mixed,7700.0,17,상승,2026-03-27,없음,14,5.0,마이크로,브랜디드,2025-05-23
CR_YT_144,IT리뷰어144,@yt_it리뷰어144,YouTube,게임,공략,Korea,315379,185344,2038784,1.55,3.5,13-24,Male,7600.0,15,상승,2026-03-12,없음,34,4.7,마이크로,브랜디드,2025-05-23
CR_YT_145,교육튜터145,@yt_교육튜터145,YouTube,여행,브이로그,Korea,61897,14907,59628,9.08,3.7,25-44,Mixed,1800.0,12,하락,2025-11-17,없음,8,3.8,마이크로,PPL,2025-05-23
CR_YT_146,교육튜터146,@yt_교육튜터146,YouTube,뷰티,리뷰,Korea,27750,17326,173260,4.81,4.7,18-34,Female,4900.0,13,유지,2025-11-21,없음,13,4.7,마이크로,GRWM협찬,2025-05-23
CR_YT_147,테크몽147,@yt_테크몽147,YouTube,테크,팁강의,Korea,26691,15904,111328,10.1,4.3,25-44,Male,8800.0,15,하락,2026-05-04,없음,32,3.5,마이크로,언박싱리뷰,2025-05-23
CR_YT_148,IT리뷰어148,@yt_it리뷰어148,YouTube,라이프스타일,일상브이로그,Korea,389039,74446,372230,0.87,4.0,25-44,Female,6100.0,1,상승,2025-12-23,없음,11,4.0,마이크로,브랜디드,2025-05-23
CR_YT_149,먹방킹149,@yt_먹방킹149,YouTube,교육,스터디,Korea,146385,51483,360381,6.71,4.3,25-44,Mixed,7300.0,5,유지,2026-01-14,없음,41,3.9,마이크로,PPL,2025-05-23
CR_YT_150,라이프브이로거150,@yt_라이프브이로거150,YouTube,교육,자격증,Korea,250219,197490,2369880,3.04,2.9,25-44,Mixed,2000.0,19,하락,2025-12-15,없음,40,3.0,마이크로,제품리뷰,2025-05-23
CR_YT_151,GRWM크리에이터151,@yt_grwm크리에이터151,YouTube,피트니스,영양,Korea,6222,3560,35600,2.22,3.1,18-34,Mixed,7200.0,16,상승,2025-12-28,없음,14,5.0,나노,챌린지,2025-05-23
CR_YT_152,레시피북152,@yt_레시피북152,YouTube,게임,공략,Korea,9683,1457,10199,3.43,3.0,13-24,Male,2100.0,15,상승,2025-11-24,없음,17,5.0,나노,PPL,2025-05-23
CR_YT_153,맛집탐방가153,@yt_맛집탐방가153,YouTube,엔터테인먼트,개그,Korea,19539,3734,44808,3.0,2.6,13-24,Mixed,8300.0,10,상승,2025-12-25,없음,12,5.0,마이크로,PPL,2025-05-23
CR_YT_154,여행러154,@yt_여행러154,YouTube,교육,강의,Korea,41369,19197,153576,4.88,3.6,25-44,Mixed,4200.0,9,상승,2026-03-12,없음,34,4.7,마이크로,PPL,2025-05-23
CR_YT_155,라이프브이로거155,@yt_라이프브이로거155,YouTube,여행,여행팁,Korea,7073,2013,8052,6.97,2.7,25-44,Mixed,2600.0,9,유지,2026-03-30,없음,31,4.4,나노,협찬리뷰,2025-05-23
CR_YT_157,게임마스터157,@yt_게임마스터157,YouTube,피트니스,운동루틴,Korea,673095,280167,3362004,11.89,4.9,18-34,Mixed,5400.0,3,하락,2025-11-13,없음,31,3.0,마이크로,PPL,2025-05-23
CR_YT_158,테크리뷰158,@yt_테크리뷰158,YouTube,라이프스타일,일상브이로그,Korea,11198,2396,26356,4.79,3.9,25-44,Female,6500.0,20,유지,2026-04-18,없음,6,4.7,마이크로,제품리뷰,2025-05-23
CR_YT_159,레시피북159,@yt_레시피북159,YouTube,게임,공략,Korea,3220538,1905413,22864956,11.74,2.1,13-24,Male,7600.0,22,유지,2026-05-26,없음,11,4.7,매크로,브랜디드,2025-05-23
CR_YT_160,패션피플160,@yt_패션피플160,YouTube,테크,비교영상,Korea,652029,156039,1404351,3.57,3.2,25-44,Male,4300.0,13,유지,2026-03-25,없음,19,4.7,마이크로,브랜디드,2025-05-23
CR_YT_161,먹방킹161,@yt_먹방킹161,YouTube,푸드,먹방,Korea,2590748,862400,9486400,1.15,2.0,18-34,Mixed,2800.0,16,유지,2026-04-15,없음,41,3.9,매크로,먹방협찬,2025-05-23
CR_YT_162,패션피플162,@yt_패션피플162,YouTube,뷰티,리뷰,Korea,825916,591079,6501869,3.62,4.8,18-34,Female,6600.0,9,유지,2026-03-25,없음,16,4.7,마이크로,GRWM협찬,2025-05-23
CR_YT_163,홈투어163,@yt_홈투어163,YouTube,라이프스타일,미니멀,Korea,960556,561477,5614770,11.18,2.9,25-44,Female,5700.0,19,유지,2026-04-23,없음,26,4.4,마이크로,제품리뷰,2025-05-23
CR_YT_164,테크리뷰164,@yt_테크리뷰164,YouTube,테크,비교영상,Korea,55332,4994,49940,3.17,2.2,25-44,Male,6000.0,20,유지,2026-02-10,없음,6,4.7,마이크로,제품리뷰,2025-05-23
CR_YT_165,패션피플165,@yt_패션피플165,YouTube,여행,숙박리뷰,Korea,59207,22136,221360,1.49,3.9,25-44,Mixed,7500.0,23,상승,2025-11-22,없음,14,5.0,마이크로,브랜디드,2025-05-23
CR_YT_166,GRWM크리에이터166,@yt_grwm크리에이터166,YouTube,테크,팁강의,Korea,211726,25119,200952,5.61,4.3,25-44,Male,2300.0,3,상승,2026-02-19,없음,40,3.7,마이크로,언박싱리뷰,2025-05-23
CR_YT_167,테크리뷰167,@yt_테크리뷰167,YouTube,뷰티,GRWM,Korea,22198,11047,99423,10.43,2.0,18-34,Female,4600.0,25,상승,2026-05-05,없음,20,5.0,마이크로,브랜디드,2025-05-23
CR_YT_168,게임마스터168,@yt_게임마스터168,YouTube,엔터테인먼트,개그,Korea,415759,104482,626892,1.23,3.3,13-24,Mixed,4700.0,16,상승,2026-02-01,없음,20,5.0,마이크로,브랜디드,2025-05-23
CR_YT_169,여행러169,@yt_여행러169,YouTube,교육,요약,Korea,27758,7730,77300,4.32,3.9,25-44,Mixed,7500.0,11,유지,2026-01-25,없음,43,3.9,마이크로,브랜디드,2025-05-23
CR_YT_170,맛집탐방가170,@yt_맛집탐방가170,YouTube,피트니스,다이어트,Korea,4290,1755,10530,11.59,4.9,18-34,Mixed,3700.0,23,하락,2026-03-06,없음,20,3.8,나노,제품리뷰,2025-05-23
CR_YT_171,GRWM크리에이터171,@yt_grwm크리에이터171,YouTube,패션,코디추천,Korea,83905,16768,201216,2.57,4.3,18-34,Female,1700.0,24,유지,2026-05-01,없음,33,4.4,마이크로,하울,2025-05-23
CR_YT_172,레시피북172,@yt_레시피북172,YouTube,푸드,쿡방,Korea,28242,14827,103789,3.41,2.5,18-34,Mixed,4700.0,13,상승,2026-02-23,없음,35,4.7,마이크로,먹방협찬,2025-05-23
CR_YT_173,레시피북173,@yt_레시피북173,YouTube,게임,공략,Korea,57124,32916,394992,7.33,4.7,13-24,Male,2300.0,8,하락,2026-04-20,없음,15,3.8,마이크로,브랜디드,2025-05-23
CR_YT_174,라이프브이로거174,@yt_라이프브이로거174,YouTube,엔터테인먼트,커버댄스,Korea,8052,1042,5210,3.48,3.5,13-24,Mixed,5400.0,19,하락,2026-03-28,없음,33,3.5,나노,챌린지,2025-05-23
CR_YT_175,홈투어175,@yt_홈투어175,YouTube,여행,여행팁,Korea,29758,9187,36748,6.05,2.9,25-44,Mixed,8400.0,3,상승,2026-05-06,없음,27,4.2,마이크로,PPL,2025-05-23
CR_YT_176,여행러176,@yt_여행러176,YouTube,여행,브이로그,Korea,55652,22657,249227,8.8,3.4,25-44,Mixed,2000.0,2,하락,2025-11-30,없음,26,3.0,마이크로,브랜디드,2025-05-23
CR_YT_177,패션피플177,@yt_패션피플177,YouTube,테크,리뷰,Korea,82339,14006,168072,5.4,3.4,25-44,Male,7500.0,21,상승,2025-12-18,없음,30,4.7,마이크로,브랜디드,2025-05-23
CR_YT_178,여행러178,@yt_여행러178,YouTube,교육,스터디,Korea,66302,22650,158550,2.87,4.3,25-44,Mixed,7600.0,3,유지,2025-11-27,없음,16,4.2,마이크로,브랜디드,2025-05-23
CR_YT_179,IT리뷰어179,@yt_it리뷰어179,YouTube,라이프스타일,미니멀,Korea,803281,559868,6718416,11.61,2.9,25-44,Female,4400.0,13,유지,2025-11-30,없음,27,4.4,마이크로,제품리뷰,2025-05-23
CR_YT_180,교육튜터180,@yt_교육튜터180,YouTube,테크,언박싱,Korea,2388,1323,11907,1.86,2.9,25-44,Male,2900.0,23,상승,2026-03-11,없음,31,4.7,나노,브랜디드,2025-05-23
CR_YT_181,레시피북181,@yt_레시피북181,YouTube,엔터테인먼트,숏폼댄스,Korea,766371,347192,2083152,6.88,3.5,13-24,Mixed,2600.0,11,유지,2026-04-08,없음,27,4.4,마이크로,챌린지,2025-05-23
CR_YT_182,여행러182,@yt_여행러182,YouTube,테크,언박싱,Korea,9281,5009,50090,8.37,3.2,25-44,Male,7800.0,16,상승,2025-11-22,없음,6,5.0,나노,제품리뷰,2025-05-23
CR_YT_183,피트니스코치183,@yt_피트니스코치183,YouTube,뷰티,리뷰,Korea,402692,70936,780296,7.0,4.3,18-34,Female,5200.0,17,상승,2026-03-27,없음,22,5.0,마이크로,브랜디드,2025-05-23
CR_YT_184,IT리뷰어184,@yt_it리뷰어184,YouTube,뷰티,GRWM,Korea,65725,8334,58338,3.92,5.0,18-34,Female,4900.0,12,상승,2026-02-21,없음,20,5.0,마이크로,브랜디드,2025-05-23
CR_YT_185,언박서185,@yt_언박서185,YouTube,교육,요약,Korea,8015,1398,8388,9.53,4.4,25-44,Mixed,7500.0,19,상승,2026-03-17,없음,43,4.2,나노,브랜디드,2025-05-23
CR_YT_186,교육튜터186,@yt_교육튜터186,YouTube,패션,하울,Korea,77425,61097,305485,2.06,4.3,18-34,Female,4600.0,2,상승,2026-04-17,없음,13,4.5,마이크로,PPL,2025-05-23
CR_YT_187,패션피플187,@yt_패션피플187,YouTube,피트니스,다이어트,Korea,7434,3100,24800,7.72,3.1,18-34,Mixed,2100.0,25,상승,2026-02-12,확인필요,22,3.5,나노,제품리뷰,2025-05-23
CR_YT_188,라이프브이로거188,@yt_라이프브이로거188,YouTube,여행,숙박리뷰,Korea,22208,13284,146124,7.8,4.1,25-44,Mixed,7900.0,18,유지,2025-12-26,없음,18,4.7,마이크로,PPL,2025-05-23
CR_YT_189,교육튜터189,@yt_교육튜터189,YouTube,피트니스,홈트,Korea,706007,104450,1148950,9.57,4.7,18-34,Mixed,7200.0,2,상승,2026-04-10,없음,6,4.5,마이크로,챌린지,2025-05-23
CR_YT_190,IT리뷰어190,@yt_it리뷰어190,YouTube,여행,브이로그,Korea,2794320,563722,3382332,10.64,2.9,25-44,Mixed,8100.0,9,상승,2026-04-17,없음,21,5.0,매크로,PPL,2025-05-23
CR_YT_191,먹방킹191,@yt_먹방킹191,YouTube,테크,언박싱,Korea,50043,29750,208250,5.44,2.3,25-44,Male,2200.0,7,유지,2025-11-20,없음,42,3.9,마이크로,브랜디드,2025-05-23
CR_YT_192,뷰티퀸192,@yt_뷰티퀸192,YouTube,여행,여행팁,Korea,2441054,1618008,16180080,8.48,3.4,25-44,Mixed,3200.0,3,하락,2026-05-26,없음,11,3.3,매크로,PPL,2025-05-23
CR_YT_193,댄스스타193,@yt_댄스스타193,YouTube,패션,하울,Korea,27451,14581,87486,1.29,3.7,18-34,Female,6100.0,6,유지,2026-01-29,없음,45,3.9,마이크로,OOTD협찬,2025-05-23
CR_YT_194,IT리뷰어194,@yt_it리뷰어194,YouTube,교육,스터디,Korea,2420,1748,10488,9.15,3.8,25-44,Mixed,4400.0,14,상승,2026-05-22,없음,20,5.0,나노,PPL,2025-05-23
CR_YT_195,패션피플195,@yt_패션피플195,YouTube,푸드,레시피,Korea,88644,52378,419024,9.46,4.1,18-34,Mixed,7900.0,22,상승,2025-12-23,확인필요,43,2.7,마이크로,먹방협찬,2025-05-23
CR_YT_196,교육튜터196,@yt_교육튜터196,YouTube,엔터테인먼트,개그,Korea,41370,17423,87115,3.27,3.9,13-24,Mixed,2000.0,1,상승,2026-01-21,없음,29,3.7,마이크로,챌린지,2025-05-23
CR_YT_197,게임마스터197,@yt_게임마스터197,YouTube,게임,업적,Korea,2195,137,685,0.66,2.6,13-24,Male,8400.0,13,유지,2026-01-13,확인필요,31,2.9,나노,브랜디드,2025-05-23
CR_YT_198,테크리뷰198,@yt_테크리뷰198,YouTube,엔터테인먼트,숏폼댄스,Korea,80471,41203,329624,1.46,2.2,13-24,Mixed,8400.0,5,유지,2026-01-23,없음,42,3.9,마이크로,챌린지,2025-05-23
CR_YT_199,패션피플199,@yt_패션피플199,YouTube,엔터테인먼트,숏폼댄스,Korea,1361602,1012311,5061555,5.71,3.8,13-24,Mixed,3800.0,24,하락,2026-05-09,없음,12,3.8,매크로,브랜디드,2025-05-23
CR_YT_200,뷰티퀸200,@yt_뷰티퀸200,YouTube,테크,팁강의,Korea,463546,205005,1640040,2.42,2.4,25-44,Male,7400.0,9,하락,2025-12-01,없음,26,3.5,마이크로,제품리뷰,2025-05-23
CR_YT_201,테크리뷰201,@yt_테크리뷰201,YouTube,게임,공략,Korea,704663,366882,4035702,5.73,3.1,13-24,Male,5200.0,19,상승,2026-02-03,없음,21,5.0,마이크로,브랜디드,2025-05-23
CR_YT_202,패션피플202,@yt_패션피플202,YouTube,푸드,레시피,Korea,10336,858,3432,3.31,3.4,18-34,Mixed,4400.0,5,상승,2025-11-10,없음,31,4.7,마이크로,레시피협찬,2025-05-23
CR_YT_203,레시피북203,@yt_레시피북203,YouTube,라이프스타일,미니멀,Korea,6241,1581,7905,7.07,2.4,25-44,Female,6500.0,2,상승,2025-12-28,확인필요,7,3.0,나노,일상PPL,2025-05-23
CR_YT_204,교육튜터204,@yt_교육튜터204,YouTube,여행,여행팁,Korea,6090,1799,21588,5.75,3.1,25-44,Mixed,3700.0,10,하락,2026-04-09,없음,34,3.5,나노,브랜디드,2025-05-23
CR_YT_205,여행러205,@yt_여행러205,YouTube,여행,브이로그,Korea,81638,50645,354515,2.23,4.8,25-44,Mixed,1700.0,18,상승,2026-04-12,없음,26,4.7,마이크로,브랜디드,2025-05-23
CR_YT_206,교육튜터206,@yt_교육튜터206,YouTube,엔터테인먼트,개그,Korea,655550,516138,5161380,6.16,2.2,13-24,Mixed,9000.0,23,상승,2025-11-24,없음,19,5.0,마이크로,브랜디드,2025-05-23
CR_YT_207,IT리뷰어207,@yt_it리뷰어207,YouTube,피트니스,다이어트,Korea,2391,1161,13932,2.04,4.5,18-34,Mixed,2100.0,19,상승,2026-02-20,없음,20,5.0,나노,제품리뷰,2025-05-23
CR_YT_208,GRWM크리에이터208,@yt_grwm크리에이터208,YouTube,피트니스,운동루틴,Korea,52762,15224,121792,3.19,4.8,18-34,Mixed,2500.0,25,유지,2025-11-28,없음,11,4.7,마이크로,제품리뷰,2025-05-23
CR_YT_209,라이프브이로거209,@yt_라이프브이로거209,YouTube,여행,브이로그,Korea,80244,25575,179025,5.7,3.4,25-44,Mixed,7900.0,3,상승,2026-05-26,없음,43,3.7,마이크로,협찬리뷰,2025-05-23
CR_YT_210,댄스스타210,@yt_댄스스타210,YouTube,피트니스,운동루틴,Korea,2041105,1584509,15845090,6.4,4.0,18-34,Mixed,3500.0,6,상승,2026-02-12,없음,40,4.2,매크로,챌린지,2025-05-23
CR_YT_211,홈쿡211,@yt_홈쿡211,YouTube,여행,여행팁,Korea,3290,464,1856,10.05,4.9,25-44,Mixed,2500.0,13,상승,2026-04-25,없음,42,4.2,나노,협찬리뷰,2025-05-23
CR_YT_212,테크리뷰212,@yt_테크리뷰212,YouTube,뷰티,언박싱,Korea,777366,297399,1784394,1.56,4.5,18-34,Female,7600.0,4,상승,2026-02-27,없음,15,5.0,마이크로,브랜디드,2025-05-23
CR_YT_213,쿡방장인213,@yt_쿡방장인213,YouTube,엔터테인먼트,챌린지,Korea,3865602,1430265,12872385,2.97,2.6,13-24,Mixed,3600.0,5,상승,2026-04-07,없음,44,4.2,매크로,브랜디드,2025-05-23
CR_YT_214,쿡방장인214,@yt_쿡방장인214,YouTube,패션,PPL,Korea,82179,33633,168165,3.72,2.4,18-34,Female,3000.0,17,상승,2026-04-11,없음,6,5.0,마이크로,하울,2025-05-23
CR_YT_215,쿡방장인215,@yt_쿡방장인215,YouTube,피트니스,영양,Korea,73527,22648,271776,4.2,2.8,18-34,Mixed,1700.0,20,상승,2025-11-08,없음,8,5.0,마이크로,PPL,2025-05-23
CR_YT_216,홈투어216,@yt_홈투어216,YouTube,피트니스,운동루틴,Korea,3615,452,3164,3.57,4.4,18-34,Mixed,8400.0,2,상승,2026-03-28,없음,27,4.2,나노,챌린지,2025-05-23
CR_YT_217,홈투어217,@yt_홈투어217,YouTube,라이프스타일,인테리어,Korea,873959,500970,2003880,8.59,3.1,25-44,Female,5800.0,5,유지,2025-12-19,없음,39,3.9,마이크로,일상PPL,2025-05-23
CR_YT_218,먹방킹218,@yt_먹방킹218,YouTube,여행,브이로그,Korea,1975693,990310,3961240,6.55,2.0,25-44,Mixed,8400.0,7,상승,2026-01-27,없음,25,5.0,매크로,협찬리뷰,2025-05-23
CR_YT_219,홈투어219,@yt_홈투어219,YouTube,테크,비교영상,Korea,28566,18018,216216,10.4,4.9,25-44,Male,4300.0,22,유지,2026-03-31,없음,26,4.4,마이크로,제품리뷰,2025-05-23
CR_YT_220,게임마스터220,@yt_게임마스터220,YouTube,테크,언박싱,Korea,67261,43308,476388,7.97,2.5,25-44,Male,8800.0,23,유지,2026-05-21,없음,19,4.7,마이크로,제품리뷰,2025-05-23
CR_YT_221,교육튜터221,@yt_교육튜터221,YouTube,패션,OOTD,Korea,864234,44377,443770,10.28,4.3,18-34,Female,5800.0,6,유지,2026-01-21,없음,19,4.7,마이크로,OOTD협찬,2025-05-23
CR_YT_222,라이프브이로거222,@yt_라이프브이로거222,YouTube,테크,리뷰,Korea,41194,12774,114966,2.43,4.7,25-44,Male,2200.0,23,하락,2026-04-13,없음,33,3.5,마이크로,제품리뷰,2025-05-23
CR_YT_223,패션피플223,@yt_패션피플223,YouTube,라이프스타일,인테리어,Korea,55938,13564,67820,8.78,2.1,25-44,Female,4800.0,14,상승,2026-02-14,없음,29,4.7,마이크로,제품리뷰,2025-05-23
CR_YT_224,홈쿡224,@yt_홈쿡224,YouTube,엔터테인먼트,개그,Korea,4695,807,4035,9.69,2.1,13-24,Mixed,1600.0,9,상승,2025-11-19,없음,15,5.0,나노,PPL,2025-05-23
CR_YT_225,테크몽225,@yt_테크몽225,YouTube,푸드,맛집투어,Korea,2525,766,8426,8.6,3.3,18-34,Mixed,6400.0,20,유지,2025-12-11,없음,11,4.7,나노,제품리뷰,2025-05-23
CR_YT_226,레시피북226,@yt_레시피북226,YouTube,라이프스타일,일상브이로그,Korea,80795,20113,160904,3.92,2.3,25-44,Female,4400.0,18,유지,2025-12-10,없음,28,4.4,마이크로,브랜디드,2025-05-23
CR_YT_227,교육튜터227,@yt_교육튜터227,YouTube,푸드,쿡방,Korea,8869,1771,7084,2.88,3.9,18-34,Mixed,8800.0,16,상승,2026-01-18,없음,35,4.7,나노,먹방협찬,2025-05-23
CR_YT_228,테크리뷰228,@yt_테크리뷰228,YouTube,패션,OOTD,Korea,60793,11469,114690,4.75,3.3,18-34,Female,3500.0,15,상승,2025-12-28,없음,41,4.2,마이크로,PPL,2025-05-23
CR_YT_229,테크리뷰229,@yt_테크리뷰229,YouTube,푸드,레시피,Korea,80968,29188,204316,6.87,4.5,18-34,Mixed,7600.0,14,유지,2026-04-25,없음,41,3.9,마이크로,레시피협찬,2025-05-23
CR_YT_230,테크리뷰230,@yt_테크리뷰230,YouTube,패션,하울,Korea,14551,6207,74484,9.71,4.0,18-34,Female,6200.0,4,유지,2025-12-15,없음,18,4.7,마이크로,PPL,2025-05-23
CR_YT_231,레시피북231,@yt_레시피북231,YouTube,뷰티,리뷰,Korea,3865235,1455434,8732604,10.09,2.8,18-34,Female,8300.0,3,상승,2026-02-08,없음,30,4.2,매크로,튜토리얼리뷰,2025-05-23
CR_YT_232,IT리뷰어232,@yt_it리뷰어232,YouTube,게임,공략,Korea,1202,769,9228,9.49,2.3,13-24,Male,2600.0,19,유지,2026-03-30,없음,11,4.7,나노,PPL,2025-05-23
CR_YT_233,언박서233,@yt_언박서233,YouTube,게임,공략,Korea,5327,1796,19756,7.08,3.4,13-24,Male,2800.0,13,상승,2026-04-08,없음,30,4.7,나노,PPL,2025-05-23
CR_YT_234,패션피플234,@yt_패션피플234,YouTube,피트니스,운동루틴,Korea,2993209,2216849,19951641,0.73,4.5,18-34,Mixed,3800.0,9,유지,2026-04-28,없음,19,4.7,매크로,제품리뷰,2025-05-23
CR_YT_235,라이프브이로거235,@yt_라이프브이로거235,YouTube,여행,브이로그,Korea,537017,270513,1352565,2.66,2.6,25-44,Mixed,7700.0,24,유지,2026-05-14,확인필요,28,2.9,마이크로,브랜디드,2025-05-23
CR_YT_236,테크리뷰236,@yt_테크리뷰236,YouTube,테크,리뷰,Korea,631413,222597,2671164,10.61,2.1,25-44,Male,2900.0,7,상승,2026-01-03,없음,34,4.7,마이크로,제품리뷰,2025-05-23
CR_YT_237,피트니스코치237,@yt_피트니스코치237,YouTube,라이프스타일,인테리어,Korea,70846,30381,151905,8.33,2.7,25-44,Female,5200.0,15,상승,2026-03-02,없음,40,4.2,마이크로,브랜디드,2025-05-23
CR_YT_238,피트니스코치238,@yt_피트니스코치238,YouTube,테크,비교영상,Korea,21847,5763,57630,1.07,4.6,25-44,Male,7300.0,7,상승,2026-04-15,없음,18,5.0,마이크로,브랜디드,2025-05-23
CR_YT_239,뷰티랩239,@yt_뷰티랩239,YouTube,엔터테인먼트,커버댄스,Korea,4272830,3312954,13251816,5.95,2.4,13-24,Mixed,2800.0,1,상승,2026-01-04,없음,24,4.0,매크로,챌린지,2025-05-23
CR_YT_240,언박서240,@yt_언박서240,YouTube,엔터테인먼트,커버댄스,Korea,38601,15441,185292,9.98,3.2,13-24,Mixed,2300.0,17,하락,2026-02-04,없음,43,3.0,마이크로,챌린지,2025-05-23
CR_YT_241,쿡방장인241,@yt_쿡방장인241,YouTube,푸드,먹방,Korea,2159654,1145579,9164632,3.5,4.1,18-34,Mixed,8200.0,10,상승,2025-12-09,확인필요,20,3.5,매크로,먹방협찬,2025-05-23
CR_YT_242,라이프브이로거242,@yt_라이프브이로거242,YouTube,엔터테인먼트,커버댄스,Korea,13336,7222,57776,3.48,3.3,13-24,Mixed,4400.0,2,유지,2026-05-01,없음,17,4.2,마이크로,브랜디드,2025-05-23
CR_YT_243,테크몽243,@yt_테크몽243,YouTube,라이프스타일,홈투어,Korea,72355,52811,475299,6.33,4.5,25-44,Female,7800.0,18,상승,2026-01-15,없음,35,4.7,마이크로,제품리뷰,2025-05-23
CR_YT_244,테크몽244,@yt_테크몽244,YouTube,패션,코디추천,Korea,3999,3040,27360,8.03,2.7,18-34,Female,3200.0,10,유지,2026-05-21,없음,28,4.4,나노,하울,2025-05-23
CR_YT_245,IT리뷰어245,@yt_it리뷰어245,YouTube,패션,OOTD,Korea,8709,786,3930,5.93,2.6,18-34,Female,2400.0,22,유지,2026-03-16,없음,31,4.4,나노,PPL,2025-05-23
CR_YT_246,여행러246,@yt_여행러246,YouTube,테크,리뷰,Korea,697062,501629,5517919,2.15,4.6,25-44,Male,2900.0,3,유지,2026-01-25,없음,25,4.2,마이크로,언박싱리뷰,2025-05-23
CR_YT_247,피트니스코치247,@yt_피트니스코치247,YouTube,여행,숙박리뷰,Korea,911117,160770,964620,6.13,4.3,25-44,Mixed,2200.0,20,유지,2026-04-12,없음,30,4.4,마이크로,PPL,2025-05-23
CR_YT_248,뷰티퀸248,@yt_뷰티퀸248,YouTube,엔터테인먼트,커버댄스,Korea,1836403,1098158,4392632,10.76,4.3,13-24,Mixed,5500.0,1,하락,2025-11-02,없음,19,2.8,매크로,챌린지,2025-05-23
CR_YT_249,홈쿡249,@yt_홈쿡249,YouTube,테크,팁강의,Korea,87158,24368,121840,9.97,2.9,25-44,Male,3700.0,24,유지,2026-04-02,확인필요,26,2.9,마이크로,브랜디드,2025-05-23
CR_YT_250,라이프브이로거250,@yt_라이프브이로거250,YouTube,테크,리뷰,Korea,9031,2884,20188,2.4,4.7,25-44,Male,7600.0,1,상승,2025-12-28,없음,18,4.0,나노,브랜디드,2025-05-23
CR_YT_251,게임마스터251,@yt_게임마스터251,YouTube,게임,공략,Korea,845652,454880,1819520,4.81,3.9,13-24,Male,7300.0,20,상승,2026-04-02,없음,11,5.0,마이크로,제품리뷰,2025-05-23
CR_YT_252,레시피북252,@yt_레시피북252,YouTube,푸드,맛집투어,Korea,26199,12063,132693,8.57,2.6,18-34,Mixed,6600.0,1,상승,2026-02-16,없음,38,3.2,마이크로,먹방협찬,2025-05-23
CR_YT_253,댄스스타253,@yt_댄스스타253,YouTube,교육,요약,Korea,23751,10300,51500,3.75,4.4,25-44,Mixed,5200.0,20,상승,2026-05-19,없음,38,4.2,마이크로,브랜디드,2025-05-23
CR_YT_254,교육튜터254,@yt_교육튜터254,YouTube,엔터테인먼트,개그,Korea,674765,284930,1994510,8.41,3.4,13-24,Mixed,3300.0,1,하락,2025-11-23,없음,41,2.0,마이크로,PPL,2025-05-23
CR_YT_255,뷰티랩255,@yt_뷰티랩255,YouTube,푸드,먹방,Korea,4034898,508267,4066136,7.91,3.4,18-34,Mixed,8800.0,9,유지,2025-11-13,없음,16,4.7,매크로,레시피협찬,2025-05-23
CR_YT_256,라이프브이로거256,@yt_라이프브이로거256,YouTube,피트니스,홈트,Korea,25191,3054,12216,0.61,2.4,18-34,Mixed,6400.0,11,상승,2026-02-21,없음,22,5.0,마이크로,제품리뷰,2025-05-23
CR_YT_257,게임마스터257,@yt_게임마스터257,YouTube,피트니스,운동루틴,Korea,519692,401063,3208504,10.11,4.1,18-34,Mixed,5100.0,14,하락,2026-05-24,없음,12,3.8,마이크로,PPL,2025-05-23
CR_YT_258,게임마스터258,@yt_게임마스터258,YouTube,뷰티,언박싱,Korea,719446,296416,3260576,2.58,3.1,18-34,Female,4200.0,1,하락,2026-05-06,없음,35,2.5,마이크로,GRWM협찬,2025-05-23
CR_YT_259,IT리뷰어259,@yt_it리뷰어259,YouTube,엔터테인먼트,숏폼댄스,Korea,2097283,1135112,4540448,8.6,4.0,13-24,Mixed,7300.0,19,하락,2026-03-25,없음,26,3.5,매크로,챌린지,2025-05-23
CR_YT_260,쿡방장인260,@yt_쿡방장인260,YouTube,라이프스타일,미니멀,Korea,809147,429700,2578200,10.15,3.7,25-44,Female,8900.0,2,상승,2026-04-14,없음,37,3.7,마이크로,브랜디드,2025-05-23
CR_YT_261,테크리뷰261,@yt_테크리뷰261,YouTube,테크,팁강의,Korea,6253,1442,11536,1.08,2.7,25-44,Male,6300.0,13,상승,2025-11-21,없음,33,4.7,나노,언박싱리뷰,2025-05-23
CR_YT_262,IT리뷰어262,@yt_it리뷰어262,YouTube,여행,여행팁,Korea,621533,378469,1513876,1.68,3.2,25-44,Mixed,5700.0,1,상승,2026-05-22,없음,44,3.2,마이크로,브랜디드,2025-05-23
CR_YT_263,여행러263,@yt_여행러263,YouTube,게임,업적,Korea,69796,53238,479142,9.99,4.4,13-24,Male,7800.0,11,유지,2026-05-16,없음,43,3.9,마이크로,브랜디드,2025-05-23
CR_YT_264,IT리뷰어264,@yt_it리뷰어264,YouTube,피트니스,홈트,Korea,896204,487698,1950792,4.43,4.5,18-34,Mixed,8700.0,10,유지,2026-03-14,없음,11,4.7,마이크로,챌린지,2025-05-23
CR_YT_265,댄스스타265,@yt_댄스스타265,YouTube,여행,숙박리뷰,Korea,7704,1003,7021,2.66,4.8,25-44,Mixed,4400.0,15,상승,2026-05-03,없음,11,5.0,나노,협찬리뷰,2025-05-23
CR_YT_266,홈쿡266,@yt_홈쿡266,YouTube,교육,요약,Korea,8381,3294,39528,2.05,3.5,25-44,Mixed,5500.0,2,유지,2026-02-19,없음,35,3.9,나노,PPL,2025-05-23
CR_YT_267,게임마스터267,@yt_게임마스터267,YouTube,교육,스터디,Korea,26827,3424,30816,6.3,3.2,25-44,Mixed,8800.0,23,상승,2026-01-10,없음,26,4.7,마이크로,브랜디드,2025-05-23
CR_YT_269,댄스스타269,@yt_댄스스타269,YouTube,피트니스,다이어트,Korea,3913,1674,15066,8.67,4.3,18-34,Mixed,5700.0,19,유지,2026-04-20,없음,39,3.9,나노,제품리뷰,2025-05-23
CR_YT_270,뷰티랩270,@yt_뷰티랩270,YouTube,뷰티,리뷰,Korea,499371,79397,317588,2.8,4.3,18-34,Female,2700.0,10,하락,2026-01-04,없음,8,3.8,마이크로,GRWM협찬,2025-05-23
CR_YT_271,먹방킹271,@yt_먹방킹271,YouTube,게임,업적,Korea,69322,8794,105528,10.45,4.2,13-24,Male,5700.0,8,유지,2026-05-20,없음,8,4.7,마이크로,PPL,2025-05-23
CR_YT_272,라이프브이로거272,@yt_라이프브이로거272,YouTube,엔터테인먼트,챌린지,Korea,1881,112,896,2.84,4.6,13-24,Mixed,8000.0,15,상승,2026-04-12,없음,42,4.2,나노,브랜디드,2025-05-23
CR_YT_273,교육튜터273,@yt_교육튜터273,YouTube,라이프스타일,인테리어,Korea,99477,10529,63174,8.95,2.4,25-44,Female,1800.0,9,유지,2026-01-07,없음,15,4.7,마이크로,일상PPL,2025-05-23
CR_YT_274,IT리뷰어274,@yt_it리뷰어274,YouTube,피트니스,다이어트,Korea,30290,2421,21789,7.36,4.3,18-34,Mixed,6200.0,22,상승,2026-03-06,없음,40,4.2,마이크로,챌린지,2025-05-23
CR_YT_275,뷰티랩275,@yt_뷰티랩275,YouTube,피트니스,다이어트,Korea,292800,128965,1547580,2.33,3.6,18-34,Mixed,4500.0,12,상승,2025-12-25,없음,26,4.7,마이크로,제품리뷰,2025-05-23
CR_YT_276,맛집탐방가276,@yt_맛집탐방가276,YouTube,라이프스타일,인테리어,Korea,83575,55808,223232,1.82,3.0,25-44,Female,3300.0,21,유지,2026-04-09,없음,7,4.7,마이크로,브랜디드,2025-05-23
CR_YT_277,GRWM크리에이터277,@yt_grwm크리에이터277,YouTube,푸드,맛집투어,Korea,859143,225200,2702400,9.95,3.1,18-34,Mixed,7500.0,15,유지,2025-11-12,없음,17,4.7,마이크로,먹방협찬,2025-05-23
CR_YT_278,홈쿡278,@yt_홈쿡278,YouTube,푸드,쿡방,Korea,910883,413068,1652272,7.71,2.6,18-34,Mixed,6200.0,7,하락,2026-02-17,없음,18,3.8,마이크로,먹방협찬,2025-05-23
CR_YT_279,댄스스타279,@yt_댄스스타279,YouTube,푸드,쿡방,Korea,4006763,1197166,5985830,1.34,2.5,18-34,Mixed,3400.0,3,유지,2025-12-29,없음,31,3.9,매크로,레시피협찬,2025-05-23
CR_YT_280,레시피북280,@yt_레시피북280,YouTube,엔터테인먼트,숏폼댄스,Korea,508422,282161,3385932,0.57,4.2,13-24,Mixed,2000.0,24,유지,2025-11-12,없음,27,4.4,마이크로,챌린지,2025-05-23
CR_YT_281,맛집탐방가281,@yt_맛집탐방가281,YouTube,패션,코디추천,Korea,4209792,3136371,31363710,5.04,4.0,18-34,Female,5100.0,18,상승,2025-12-05,없음,39,4.2,매크로,하울,2025-05-23
CR_YT_282,교육튜터282,@yt_교육튜터282,YouTube,테크,리뷰,Korea,94926,31311,125244,6.87,3.7,25-44,Male,2400.0,1,유지,2026-04-02,없음,39,2.9,마이크로,제품리뷰,2025-05-23
CR_YT_283,언박서283,@yt_언박서283,YouTube,라이프스타일,미니멀,Korea,777308,535249,3211494,2.35,2.7,25-44,Female,7800.0,7,상승,2025-12-17,없음,8,5.0,마이크로,제품리뷰,2025-05-23
CR_YT_284,테크리뷰284,@yt_테크리뷰284,YouTube,게임,스트리밍,Korea,170634,40613,284291,8.84,3.5,13-24,Male,4000.0,5,하락,2026-04-17,없음,11,3.8,마이크로,브랜디드,2025-05-23
CR_YT_285,여행러285,@yt_여행러285,YouTube,푸드,레시피,Korea,572536,169619,1356952,8.47,2.5,18-34,Mixed,5800.0,11,유지,2025-12-14,없음,25,4.7,마이크로,제품리뷰,2025-05-23
CR_YT_286,피트니스코치286,@yt_피트니스코치286,YouTube,엔터테인먼트,숏폼댄스,Korea,3200,1790,16110,10.6,3.4,13-24,Mixed,4200.0,10,유지,2026-03-22,없음,16,4.7,나노,챌린지,2025-05-23
CR_YT_287,테크몽287,@yt_테크몽287,YouTube,테크,팁강의,Korea,869177,621245,3106225,8.87,4.7,25-44,Male,7900.0,21,상승,2026-05-28,없음,42,4.2,마이크로,브랜디드,2025-05-23
CR_YT_288,먹방킹288,@yt_먹방킹288,YouTube,라이프스타일,미니멀,Korea,81233,58527,702324,5.93,4.3,25-44,Female,4200.0,8,유지,2026-05-07,없음,13,4.7,마이크로,제품리뷰,2025-05-23
CR_YT_289,테크리뷰289,@yt_테크리뷰289,YouTube,게임,리뷰,Korea,75820,4393,30751,10.25,4.4,13-24,Male,6100.0,6,유지,2025-12-06,없음,15,4.7,마이크로,브랜디드,2025-05-23
CR_YT_290,댄스스타290,@yt_댄스스타290,YouTube,교육,스터디,Korea,73373,55351,221404,3.02,3.5,25-44,Mixed,2000.0,12,상승,2025-11-11,없음,38,4.2,마이크로,브랜디드,2025-05-23
CR_YT_291,IT리뷰어291,@yt_it리뷰어291,YouTube,여행,명소소개,Korea,1653,1298,11682,1.69,4.9,25-44,Mixed,6300.0,9,하락,2026-01-07,없음,39,3.0,나노,PPL,2025-05-23
CR_YT_292,언박서292,@yt_언박서292,YouTube,엔터테인먼트,숏폼댄스,Korea,20202,8838,88380,11.69,2.7,13-24,Mixed,4500.0,12,유지,2026-05-22,없음,43,3.9,마이크로,브랜디드,2025-05-23
CR_YT_293,IT리뷰어293,@yt_it리뷰어293,YouTube,테크,비교영상,Korea,180832,78825,630600,2.93,2.6,25-44,Male,4200.0,23,상승,2026-04-19,없음,31,4.7,마이크로,브랜디드,2025-05-23
CR_YT_294,쿡방장인294,@yt_쿡방장인294,YouTube,푸드,먹방,Korea,72786,15141,90846,7.94,3.2,18-34,Mixed,3300.0,5,유지,2026-04-01,없음,13,4.7,마이크로,먹방협찬,2025-05-23
CR_YT_295,먹방킹295,@yt_먹방킹295,YouTube,테크,언박싱,Korea,288783,126336,1263360,7.39,3.7,25-44,Male,1600.0,24,하락,2026-04-19,없음,10,3.8,마이크로,제품리뷰,2025-05-23
CR_YT_296,쿡방장인296,@yt_쿡방장인296,YouTube,교육,요약,Korea,3794,813,8130,7.41,4.4,25-44,Mixed,7700.0,6,유지,2026-04-18,확인필요,21,3.2,나노,PPL,2025-05-23
CR_YT_297,IT리뷰어297,@yt_it리뷰어297,YouTube,피트니스,홈트,Korea,19023,4229,42290,2.02,2.0,18-34,Mixed,5400.0,17,하락,2026-02-16,없음,43,3.0,마이크로,챌린지,2025-05-23
CR_YT_298,맛집탐방가298,@yt_맛집탐방가298,YouTube,여행,숙박리뷰,Korea,79655,34052,170260,1.57,4.0,25-44,Mixed,8300.0,18,상승,2026-05-18,없음,38,4.2,마이크로,PPL,2025-05-23
CR_YT_299,뷰티랩299,@yt_뷰티랩299,YouTube,뷰티,리뷰,Korea,73192,47001,470010,4.53,4.4,18-34,Female,8300.0,23,유지,2025-11-26,없음,13,4.7,마이크로,튜토리얼리뷰,2025-05-23
CR_YT_300,테크리뷰300,@yt_테크리뷰300,YouTube,라이프스타일,홈투어,Korea,670143,238895,1672265,0.56,4.2,25-44,Female,1600.0,17,상승,2026-03-14,없음,29,4.7,마이크로,제품리뷰,2025-05-23
CR_TK_001,게임틱톡001,@tk_게임틱톡001,TikTok,피트니스,영양,Korea,30287,11192,89536,3.5,3.6,18-34,Mixed,5700.0,20,상승,2026-04-24,없음,18,5.0,마이크로,PPL,2025-05-23
CR_TK_002,여행틱톡002,@tk_여행틱톡002,TikTok,게임,업적,Korea,686252,319919,2559352,11.87,3.7,13-24,Male,7300.0,13,하락,2025-12-06,없음,19,3.8,매크로,브랜디드,2025-05-23
CR_TK_003,틱톡뷰티003,@tk_틱톡뷰티003,TikTok,테크,팁강의,Korea,520018,332583,3990996,7.56,4.1,25-44,Male,1900.0,13,하락,2025-11-02,없음,14,3.8,매크로,브랜디드,2025-05-23
CR_TK_004,틱톡뷰티004,@tk_틱톡뷰티004,TikTok,엔터테인먼트,챌린지,Korea,332542,109115,436460,8.83,4.8,13-24,Mixed,4500.0,21,유지,2026-01-13,없음,8,4.7,매크로,브랜디드,2025-05-23
CR_TK_005,여행틱톡005,@tk_여행틱톡005,TikTok,여행,명소소개,Korea,9693169,2563890,10255560,9.52,3.5,25-44,Mixed,6700.0,20,상승,2026-04-22,없음,28,4.7,메가,브랜디드,2025-05-23
CR_TK_006,쿡방틱톡006,@tk_쿡방틱톡006,TikTok,뷰티,리뷰,Korea,389340,247135,2224215,8.2,3.2,18-34,Female,3000.0,1,하락,2026-04-30,없음,10,2.8,매크로,브랜디드,2025-05-23
CR_TK_007,라이프스타일러007,@tk_라이프스타일러007,TikTok,게임,업적,Korea,55544,42905,343240,0.0,4.9,13-24,Male,4900.0,13,유지,2025-11-02,없음,16,4.7,마이크로,브랜디드,2025-05-23
CR_TK_008,교육틱톡008,@tk_교육틱톡008,TikTok,푸드,쿡방,Korea,408545,124595,622975,9.73,4.9,18-34,Mixed,8100.0,19,상승,2026-04-27,없음,29,4.7,매크로,제품리뷰,2025-05-23
CR_TK_009,푸드틱토커009,@tk_푸드틱토커009,TikTok,피트니스,영양,Korea,70387,50847,203388,6.04,2.8,18-34,Mixed,4400.0,8,하락,2026-04-29,없음,25,3.8,마이크로,제품리뷰,2025-05-23
CR_TK_010,교육틱톡010,@tk_교육틱톡010,TikTok,게임,리뷰,Korea,5418274,1279759,6398795,5.09,4.2,13-24,Male,4100.0,18,상승,2026-03-02,없음,27,4.7,메가,브랜디드,2025-05-23
CR_TK_011,쿡방틱톡011,@tk_쿡방틱톡011,TikTok,패션,하울,Korea,4115,1745,12215,3.2,2.7,18-34,Female,3500.0,8,상승,2026-01-03,없음,27,4.7,나노,PPL,2025-05-23
CR_TK_012,라이프스타일러012,@tk_라이프스타일러012,TikTok,푸드,맛집투어,Korea,795650,333774,1335096,9.29,3.6,18-34,Mixed,1800.0,16,상승,2026-04-08,없음,36,4.2,매크로,레시피협찬,2025-05-23
CR_TK_013,푸드틱토커013,@tk_푸드틱토커013,TikTok,테크,언박싱,Korea,5591,1947,11682,1.12,4.4,25-44,Male,5100.0,18,상승,2026-03-09,없음,30,4.7,나노,제품리뷰,2025-05-23
CR_TK_014,댄스크리에이터014,@tk_댄스크리에이터014,TikTok,푸드,맛집투어,Korea,51373,29123,116492,8.25,3.1,18-34,Mixed,2300.0,12,유지,2026-01-06,없음,40,3.9,마이크로,제품리뷰,2025-05-23
CR_TK_015,여행틱톡015,@tk_여행틱톡015,TikTok,패션,하울,Korea,6621,2148,23628,5.38,3.3,18-34,Female,7100.0,12,유지,2026-01-11,없음,16,4.7,나노,하울,2025-05-23
CR_TK_016,테크틱톡016,@tk_테크틱톡016,TikTok,라이프스타일,미니멀,Korea,383062,250164,3001968,5.47,3.1,25-44,Female,2600.0,24,상승,2026-03-02,없음,16,5.0,매크로,브랜디드,2025-05-23
CR_TK_017,라이프스타일러017,@tk_라이프스타일러017,TikTok,테크,리뷰,Korea,9470,4266,38394,9.53,2.9,25-44,Male,5700.0,19,상승,2026-02-10,없음,15,5.0,나노,언박싱리뷰,2025-05-23
CR_TK_018,여행틱톡018,@tk_여행틱톡018,TikTok,패션,코디추천,Korea,2577,998,8982,3.49,3.1,18-34,Female,5700.0,9,상승,2025-11-06,없음,12,5.0,나노,하울,2025-05-23
CR_TK_019,라이프틱톡019,@tk_라이프틱톡019,TikTok,교육,자격증,Korea,95179,51096,306576,11.76,2.9,25-44,Mixed,3900.0,17,유지,2026-05-18,없음,10,4.7,마이크로,PPL,2025-05-23
CR_TK_020,여행틱톡020,@tk_여행틱톡020,TikTok,패션,코디추천,Korea,28985,20324,182916,5.35,3.8,18-34,Female,4500.0,3,상승,2025-12-12,없음,19,4.5,마이크로,OOTD협찬,2025-05-23
CR_TK_021,댄스크리에이터021,@tk_댄스크리에이터021,TikTok,패션,OOTD,Korea,94494,32750,360250,9.48,4.8,18-34,Female,7100.0,17,유지,2026-02-14,없음,16,4.7,마이크로,PPL,2025-05-23
CR_TK_022,뷰티챌린저022,@tk_뷰티챌린저022,TikTok,라이프스타일,일상브이로그,Korea,20494,4261,42610,1.68,2.2,25-44,Female,8100.0,18,상승,2025-11-07,없음,38,4.2,마이크로,일상PPL,2025-05-23
CR_TK_023,엔터틱톡023,@tk_엔터틱톡023,TikTok,패션,OOTD,Korea,786641,588951,5889510,4.06,2.7,18-34,Female,3600.0,21,상승,2025-12-04,확인필요,15,3.5,매크로,PPL,2025-05-23
CR_TK_024,테크틱톡024,@tk_테크틱톡024,TikTok,피트니스,영양,Korea,8801,3523,42276,11.25,3.6,18-34,Mixed,2500.0,23,유지,2025-12-16,없음,43,3.9,나노,PPL,2025-05-23
CR_TK_025,게임틱톡025,@tk_게임틱톡025,TikTok,교육,스터디,Korea,93824,42252,380268,6.04,2.7,25-44,Mixed,2200.0,10,상승,2026-02-14,없음,14,5.0,마이크로,제품리뷰,2025-05-23
CR_TK_026,교육틱톡026,@tk_교육틱톡026,TikTok,뷰티,리뷰,Korea,3233,995,10945,6.65,4.1,18-34,Female,5200.0,25,유지,2026-01-16,없음,32,4.4,나노,브랜디드,2025-05-23
CR_TK_027,푸드틱토커027,@tk_푸드틱토커027,TikTok,라이프스타일,일상브이로그,Korea,7268704,1391435,16697220,5.53,2.7,25-44,Female,6900.0,21,유지,2026-02-05,없음,21,4.7,메가,브랜디드,2025-05-23
CR_TK_028,교육틱톡028,@tk_교육틱톡028,TikTok,라이프스타일,미니멀,Korea,5454,1437,17244,9.8,3.2,25-44,Female,7900.0,6,상승,2026-01-14,없음,45,4.2,나노,제품리뷰,2025-05-23
CR_TK_029,피트니스틱톡029,@tk_피트니스틱톡029,TikTok,여행,브이로그,Korea,9060,1729,6916,2.25,4.9,25-44,Mixed,1700.0,4,상승,2026-01-08,없음,33,4.7,나노,협찬리뷰,2025-05-23
CR_TK_030,쿡방틱톡030,@tk_쿡방틱톡030,TikTok,푸드,먹방,Korea,4643811,1423024,11384192,9.54,3.5,18-34,Mixed,4300.0,23,상승,2026-01-24,없음,14,5.0,메가,레시피협찬,2025-05-23
CR_TK_031,틱톡뷰티031,@tk_틱톡뷰티031,TikTok,엔터테인먼트,챌린지,Korea,33803,6562,52496,9.9,4.5,13-24,Mixed,2400.0,25,하락,2026-01-03,없음,33,3.5,마이크로,브랜디드,2025-05-23
CR_TK_032,라이프틱톡032,@tk_라이프틱톡032,TikTok,뷰티,튜토리얼,Korea,22315,9837,68859,5.94,4.0,18-34,Female,3800.0,11,상승,2026-04-11,없음,40,4.2,마이크로,튜토리얼리뷰,2025-05-23
CR_TK_033,뷰티챌린저033,@tk_뷰티챌린저033,TikTok,여행,브이로그,Korea,57241,40963,286741,11.69,2.7,25-44,Mixed,4800.0,1,상승,2026-05-23,없음,42,3.2,마이크로,PPL,2025-05-23
CR_TK_034,숏폼댄서034,@tk_숏폼댄서034,TikTok,라이프스타일,일상브이로그,Korea,8786,4975,29850,4.77,2.3,25-44,Female,2700.0,3,하락,2026-04-08,없음,45,2.5,나노,일상PPL,2025-05-23
CR_TK_035,뷰티챌린저035,@tk_뷰티챌린저035,TikTok,피트니스,홈트,Korea,662407,426324,2557944,6.11,3.0,18-34,Mixed,5700.0,21,상승,2026-05-26,없음,17,5.0,매크로,PPL,2025-05-23
CR_TK_036,패션틱톡036,@tk_패션틱톡036,TikTok,엔터테인먼트,커버댄스,Korea,5107,3697,40667,8.63,3.7,13-24,Mixed,5600.0,16,상승,2026-03-26,없음,39,4.2,나노,챌린지,2025-05-23
CR_TK_037,피트니스틱톡037,@tk_피트니스틱톡037,TikTok,여행,명소소개,Korea,3627,368,2208,5.67,4.5,25-44,Mixed,5600.0,15,상승,2026-05-18,확인필요,29,3.2,나노,협찬리뷰,2025-05-23
CR_TK_038,테크틱톡038,@tk_테크틱톡038,TikTok,교육,스터디,Korea,91290,20913,104565,8.07,3.6,25-44,Mixed,4400.0,17,하락,2026-03-08,없음,14,3.8,마이크로,브랜디드,2025-05-23
CR_TK_039,뷰티챌린저039,@tk_뷰티챌린저039,TikTok,엔터테인먼트,숏폼댄스,Korea,22616,10005,50025,1.0,4.8,13-24,Mixed,2800.0,2,상승,2025-11-28,없음,17,4.5,마이크로,PPL,2025-05-23
CR_TK_040,뷰티챌린저040,@tk_뷰티챌린저040,TikTok,교육,자격증,Korea,9026,4010,32080,1.06,2.7,25-44,Mixed,6900.0,1,상승,2026-04-17,없음,10,4.0,나노,PPL,2025-05-23
CR_TK_041,패션틱톡041,@tk_패션틱톡041,TikTok,뷰티,튜토리얼,Korea,64519,43003,172012,9.97,2.8,18-34,Female,1800.0,3,상승,2025-11-20,없음,38,3.7,마이크로,GRWM협찬,2025-05-23
CR_TK_042,교육틱톡042,@tk_교육틱톡042,TikTok,라이프스타일,인테리어,Korea,35312,15701,109907,7.06,4.8,25-44,Female,5700.0,18,유지,2026-05-11,없음,45,3.9,마이크로,제품리뷰,2025-05-23
CR_TK_043,댄스크리에이터043,@tk_댄스크리에이터043,TikTok,여행,여행팁,Korea,2705,473,2838,6.82,3.5,25-44,Mixed,6400.0,18,유지,2026-02-22,없음,25,4.7,나노,PPL,2025-05-23
CR_TK_044,푸드틱토커044,@tk_푸드틱토커044,TikTok,엔터테인먼트,숏폼댄스,Korea,52395,26528,318336,2.96,4.3,13-24,Mixed,8400.0,9,상승,2026-02-24,없음,30,4.7,마이크로,브랜디드,2025-05-23
CR_TK_045,피트니스틱톡045,@tk_피트니스틱톡045,TikTok,뷰티,GRWM,Korea,77844,11778,94224,0.58,5.0,18-34,Female,3100.0,11,상승,2026-05-17,없음,40,4.2,마이크로,GRWM협찬,2025-05-23
CR_TK_046,여행틱톡046,@tk_여행틱톡046,TikTok,뷰티,언박싱,Korea,28141,6999,48993,3.18,4.4,18-34,Female,2200.0,13,유지,2025-12-26,없음,25,4.7,마이크로,GRWM협찬,2025-05-23
CR_TK_047,테크틱톡047,@tk_테크틱톡047,TikTok,여행,숙박리뷰,Korea,2562,1271,10168,0.93,4.4,25-44,Mixed,4400.0,25,상승,2026-05-17,없음,27,4.7,나노,PPL,2025-05-23
CR_TK_048,테크틱톡048,@tk_테크틱톡048,TikTok,푸드,레시피,Korea,1187,623,6230,1.12,3.6,18-34,Mixed,3900.0,19,상승,2026-01-23,확인필요,19,3.5,나노,제품리뷰,2025-05-23
CR_TK_049,여행틱톡049,@tk_여행틱톡049,TikTok,엔터테인먼트,개그,Korea,9269,1089,10890,3.83,3.2,13-24,Mixed,2500.0,3,유지,2026-03-27,없음,40,3.4,나노,챌린지,2025-05-23
CR_TK_050,게임틱톡050,@tk_게임틱톡050,TikTok,푸드,레시피,Korea,27088,16835,185185,6.93,3.5,18-34,Mixed,6400.0,7,유지,2026-04-07,확인필요,20,3.2,마이크로,제품리뷰,2025-05-23
CR_TK_051,푸드틱토커051,@tk_푸드틱토커051,TikTok,패션,코디추천,Korea,99749,74123,370615,1.79,3.2,18-34,Female,4200.0,7,상승,2026-01-28,없음,6,5.0,마이크로,PPL,2025-05-23
CR_TK_052,엔터틱톡052,@tk_엔터틱톡052,TikTok,피트니스,홈트,Korea,8245,4265,46915,1.02,4.5,18-34,Mixed,3000.0,12,상승,2026-05-13,없음,12,5.0,나노,챌린지,2025-05-23
CR_TK_053,라이프스타일러053,@tk_라이프스타일러053,TikTok,교육,요약,Korea,972881,647063,2588252,4.45,4.4,25-44,Mixed,3800.0,16,상승,2026-01-24,없음,39,4.2,매크로,제품리뷰,2025-05-23
CR_TK_054,교육틱톡054,@tk_교육틱톡054,TikTok,게임,공략,Korea,9991,4118,24708,8.49,4.0,13-24,Male,4300.0,22,유지,2025-11-12,없음,15,4.7,나노,PPL,2025-05-23
CR_TK_055,푸드틱토커055,@tk_푸드틱토커055,TikTok,라이프스타일,미니멀,Korea,5444,488,1952,1.27,4.0,25-44,Female,6500.0,22,상승,2025-11-28,없음,23,5.0,나노,일상PPL,2025-05-23
CR_TK_056,교육틱톡056,@tk_교육틱톡056,TikTok,엔터테인먼트,챌린지,Korea,2631,1915,21065,10.47,3.6,13-24,Mixed,2900.0,17,유지,2026-03-24,없음,7,4.7,나노,브랜디드,2025-05-23
CR_TK_057,패션틱톡057,@tk_패션틱톡057,TikTok,패션,코디추천,Korea,30578,1950,17550,4.59,2.9,18-34,Female,9000.0,17,상승,2026-05-27,없음,45,4.2,마이크로,OOTD협찬,2025-05-23
CR_TK_058,교육틱톡058,@tk_교육틱톡058,TikTok,뷰티,GRWM,Korea,4695,768,7680,8.05,2.3,18-34,Female,4400.0,22,유지,2026-04-10,없음,31,4.4,나노,브랜디드,2025-05-23
CR_TK_059,게임틱톡059,@tk_게임틱톡059,TikTok,테크,팁강의,Korea,6395,2474,14844,2.88,2.4,25-44,Male,5600.0,7,상승,2026-01-19,확인필요,13,3.5,나노,언박싱리뷰,2025-05-23
CR_TK_060,라이프스타일러060,@tk_라이프스타일러060,TikTok,교육,자격증,Korea,171108,80079,400395,2.62,4.5,25-44,Mixed,2600.0,1,상승,2026-02-14,없음,24,4.0,매크로,PPL,2025-05-23
CR_TK_061,쿡방틱톡061,@tk_쿡방틱톡061,TikTok,패션,하울,Korea,2749,408,1632,9.27,3.8,18-34,Female,3500.0,19,유지,2025-12-30,없음,19,4.7,나노,하울,2025-05-23
CR_TK_063,숏폼댄서063,@tk_숏폼댄서063,TikTok,라이프스타일,미니멀,Korea,11967,8904,89040,3.06,4.0,25-44,Female,3000.0,7,상승,2025-12-16,없음,44,4.2,마이크로,제품리뷰,2025-05-23
CR_TK_064,테크틱톡064,@tk_테크틱톡064,TikTok,피트니스,홈트,Korea,42346,15696,62784,7.49,4.5,18-34,Mixed,6900.0,13,유지,2026-05-10,없음,43,3.9,마이크로,PPL,2025-05-23
CR_TK_065,여행틱톡065,@tk_여행틱톡065,TikTok,푸드,맛집투어,Korea,15559,11020,77140,6.47,3.2,18-34,Mixed,7000.0,18,유지,2026-03-13,없음,17,4.7,마이크로,레시피협찬,2025-05-23
CR_TK_066,라이프스타일러066,@tk_라이프스타일러066,TikTok,엔터테인먼트,숏폼댄스,Korea,47475,18800,188000,3.89,4.8,13-24,Mixed,6700.0,5,유지,2026-04-15,없음,10,4.7,마이크로,PPL,2025-05-23
CR_TK_067,라이프스타일러067,@tk_라이프스타일러067,TikTok,교육,스터디,Korea,3216,1108,9972,5.69,2.5,25-44,Mixed,5900.0,23,상승,2026-02-25,없음,21,5.0,나노,PPL,2025-05-23
CR_TK_068,댄스크리에이터068,@tk_댄스크리에이터068,TikTok,테크,팁강의,Korea,2494,338,3718,7.79,2.3,25-44,Male,6800.0,24,유지,2026-04-06,없음,29,4.4,나노,언박싱리뷰,2025-05-23
CR_TK_069,라이프스타일러069,@tk_라이프스타일러069,TikTok,테크,언박싱,Korea,96445,67222,403332,10.49,2.5,25-44,Male,6800.0,14,상승,2026-01-19,없음,23,5.0,마이크로,언박싱리뷰,2025-05-23
CR_TK_070,라이프틱톡070,@tk_라이프틱톡070,TikTok,테크,팁강의,Korea,5246497,310360,3413960,10.34,3.6,25-44,Male,1500.0,16,상승,2025-12-26,없음,35,4.7,메가,제품리뷰,2025-05-23
CR_TK_071,틱톡뷰티071,@tk_틱톡뷰티071,TikTok,여행,여행팁,Korea,10861,2536,30432,3.7,3.9,25-44,Mixed,7600.0,7,상승,2025-12-18,없음,8,5.0,마이크로,협찬리뷰,2025-05-23
CR_TK_072,테크틱톡072,@tk_테크틱톡072,TikTok,테크,언박싱,Korea,6007018,1792093,8960465,1.06,3.3,25-44,Male,2800.0,22,상승,2026-04-06,없음,41,4.2,메가,제품리뷰,2025-05-23
CR_TK_073,패션틱톡073,@tk_패션틱톡073,TikTok,교육,요약,Korea,2525,1581,14229,4.74,3.1,25-44,Mixed,2000.0,14,유지,2025-11-17,없음,35,4.4,나노,제품리뷰,2025-05-23
CR_TK_074,패션틱톡074,@tk_패션틱톡074,TikTok,패션,코디추천,Korea,78766,16334,114338,7.54,2.3,18-34,Female,7000.0,21,유지,2025-11-23,없음,43,3.9,마이크로,OOTD협찬,2025-05-23
CR_TK_076,라이프틱톡076,@tk_라이프틱톡076,TikTok,패션,하울,Korea,1402431,559099,2795495,8.98,2.6,18-34,Female,6100.0,14,유지,2025-11-12,없음,27,4.4,메가,PPL,2025-05-23
CR_TK_077,댄스크리에이터077,@tk_댄스크리에이터077,TikTok,라이프스타일,일상브이로그,Korea,18891,5305,63660,6.82,4.3,25-44,Female,2400.0,11,상승,2026-02-10,없음,44,4.2,마이크로,일상PPL,2025-05-23
CR_TK_078,패션틱톡078,@tk_패션틱톡078,TikTok,라이프스타일,인테리어,Korea,8849,6522,26088,7.93,3.4,25-44,Female,6200.0,18,상승,2026-02-27,없음,8,5.0,나노,제품리뷰,2025-05-23
CR_TK_079,교육틱톡079,@tk_교육틱톡079,TikTok,피트니스,운동루틴,Korea,37297,18016,162144,9.69,4.7,18-34,Mixed,4200.0,5,상승,2025-11-08,없음,29,4.7,마이크로,PPL,2025-05-23
CR_TK_080,게임틱톡080,@tk_게임틱톡080,TikTok,교육,자격증,Korea,222520,155418,1243344,8.61,2.9,25-44,Mixed,1700.0,14,상승,2026-03-08,없음,28,4.7,매크로,브랜디드,2025-05-23
CR_TK_081,교육틱톡081,@tk_교육틱톡081,TikTok,라이프스타일,인테리어,Korea,24710,8170,32680,9.44,4.7,25-44,Female,4800.0,1,유지,2026-03-09,없음,17,3.7,마이크로,브랜디드,2025-05-23
CR_TK_082,피트니스틱톡082,@tk_피트니스틱톡082,TikTok,게임,업적,Korea,3347,2098,10490,9.95,4.8,13-24,Male,6600.0,5,상승,2026-05-05,없음,34,4.7,나노,브랜디드,2025-05-23
CR_TK_083,틱톡뷰티083,@tk_틱톡뷰티083,TikTok,게임,스트리밍,Korea,1738700,982868,4914340,4.33,4.7,13-24,Male,2300.0,25,하락,2026-05-10,없음,6,3.8,메가,브랜디드,2025-05-23
CR_TK_084,패션틱톡084,@tk_패션틱톡084,TikTok,라이프스타일,일상브이로그,Korea,400487,103120,928080,9.39,4.0,25-44,Female,3500.0,6,상승,2025-11-30,없음,44,4.2,매크로,일상PPL,2025-05-23
CR_TK_085,패션틱톡085,@tk_패션틱톡085,TikTok,게임,공략,Korea,45527,7109,56872,7.1,2.5,13-24,Male,3800.0,11,유지,2026-02-22,없음,13,4.7,마이크로,PPL,2025-05-23
CR_TK_086,틱톡뷰티086,@tk_틱톡뷰티086,TikTok,뷰티,리뷰,Korea,21287,7872,47232,8.6,4.7,18-34,Female,6200.0,23,하락,2026-02-23,없음,27,3.5,마이크로,튜토리얼리뷰,2025-05-23
CR_TK_087,댄스크리에이터087,@tk_댄스크리에이터087,TikTok,라이프스타일,미니멀,Korea,9740,1060,11660,7.03,2.3,25-44,Female,7500.0,23,유지,2025-11-25,없음,24,4.7,나노,브랜디드,2025-05-23
CR_TK_088,라이프틱톡088,@tk_라이프틱톡088,TikTok,라이프스타일,미니멀,Korea,746910,181902,1637118,5.01,4.1,25-44,Female,6500.0,11,유지,2026-03-05,없음,9,4.7,매크로,일상PPL,2025-05-23
CR_TK_089,여행틱톡089,@tk_여행틱톡089,TikTok,피트니스,다이어트,Korea,32387,8475,76275,7.45,2.4,18-34,Mixed,2300.0,23,상승,2026-01-23,없음,9,5.0,마이크로,PPL,2025-05-23
CR_TK_090,게임틱톡090,@tk_게임틱톡090,TikTok,여행,여행팁,Korea,41270,21281,255372,2.33,3.4,25-44,Mixed,2000.0,7,하락,2026-04-01,없음,32,3.5,마이크로,브랜디드,2025-05-23
CR_TK_091,쿡방틱톡091,@tk_쿡방틱톡091,TikTok,라이프스타일,일상브이로그,Korea,2276,1375,15125,1.81,3.8,25-44,Female,3900.0,4,유지,2025-12-16,없음,30,4.4,나노,제품리뷰,2025-05-23
CR_TK_092,뷰티챌린저092,@tk_뷰티챌린저092,TikTok,푸드,레시피,Korea,7208,2130,8520,1.54,4.5,18-34,Mixed,8200.0,25,하락,2026-05-27,없음,14,3.8,나노,레시피협찬,2025-05-23
CR_TK_093,피트니스틱톡093,@tk_피트니스틱톡093,TikTok,게임,공략,Korea,85750,33045,231315,8.34,2.9,13-24,Male,5800.0,22,상승,2026-02-20,없음,10,5.0,마이크로,브랜디드,2025-05-23
CR_TK_094,게임틱톡094,@tk_게임틱톡094,TikTok,게임,업적,Korea,5819,563,6756,11.63,2.0,13-24,Male,5700.0,12,상승,2026-01-12,없음,20,5.0,나노,브랜디드,2025-05-23
CR_TK_095,게임틱톡095,@tk_게임틱톡095,TikTok,교육,요약,Korea,60173,21332,213320,6.77,4.0,25-44,Mixed,5100.0,7,유지,2026-02-07,없음,31,4.4,마이크로,브랜디드,2025-05-23
CR_TK_096,쿡방틱톡096,@tk_쿡방틱톡096,TikTok,테크,팁강의,Korea,1263533,199634,2195974,8.07,4.9,25-44,Male,2500.0,5,하락,2026-05-26,없음,34,3.5,메가,브랜디드,2025-05-23
CR_TK_097,여행틱톡097,@tk_여행틱톡097,TikTok,테크,비교영상,Korea,82358,54772,547720,4.59,2.6,25-44,Male,6000.0,19,유지,2026-05-07,없음,37,3.9,마이크로,제품리뷰,2025-05-23
CR_TK_098,엔터틱톡098,@tk_엔터틱톡098,TikTok,게임,업적,Korea,14963,7124,64116,1.8,3.4,13-24,Male,6700.0,5,하락,2026-05-07,확인필요,22,2.3,마이크로,브랜디드,2025-05-23
CR_TK_099,교육틱톡099,@tk_교육틱톡099,TikTok,푸드,쿡방,Korea,2449,572,2860,8.37,3.6,18-34,Mixed,5800.0,20,상승,2026-01-27,없음,5,5.0,나노,레시피협찬,2025-05-23
CR_TK_100,라이프스타일러100,@tk_라이프스타일러100,TikTok,게임,공략,Korea,53452,19550,156400,3.83,2.1,13-24,Male,8400.0,24,상승,2026-05-06,없음,21,5.0,마이크로,브랜디드,2025-05-23
CR_TK_101,엔터틱톡101,@tk_엔터틱톡101,TikTok,여행,여행팁,Korea,154127,83573,668584,9.8,3.9,25-44,Mixed,3700.0,3,상승,2026-03-10,없음,22,4.5,매크로,협찬리뷰,2025-05-23
CR_TK_102,피트니스틱톡102,@tk_피트니스틱톡102,TikTok,교육,요약,Korea,43679,2649,13245,7.44,4.7,25-44,Mixed,7000.0,22,유지,2026-02-03,없음,21,4.7,마이크로,브랜디드,2025-05-23
CR_TK_103,푸드틱토커103,@tk_푸드틱토커103,TikTok,테크,팁강의,Korea,14337,4403,22015,11.62,3.8,25-44,Male,7700.0,16,유지,2026-05-17,없음,20,4.7,마이크로,브랜디드,2025-05-23
CR_TK_104,라이프틱톡104,@tk_라이프틱톡104,TikTok,테크,언박싱,Korea,55229,5011,40088,9.19,2.3,25-44,Male,2800.0,13,유지,2026-01-17,없음,39,3.9,마이크로,제품리뷰,2025-05-23
CR_TK_105,여행틱톡105,@tk_여행틱톡105,TikTok,엔터테인먼트,커버댄스,Korea,79526,55883,223532,3.82,4.4,13-24,Mixed,4400.0,11,유지,2026-04-24,없음,11,4.7,마이크로,챌린지,2025-05-23
CR_TK_106,라이프스타일러106,@tk_라이프스타일러106,TikTok,교육,요약,Korea,5466,1646,13168,9.73,2.8,25-44,Mixed,5900.0,15,하락,2026-05-11,없음,42,3.0,나노,PPL,2025-05-23
CR_TK_107,뷰티챌린저107,@tk_뷰티챌린저107,TikTok,피트니스,운동루틴,Korea,3947,1124,4496,8.24,4.5,18-34,Mixed,1600.0,4,유지,2025-11-27,없음,27,4.4,나노,PPL,2025-05-23
CR_TK_108,피트니스틱톡108,@tk_피트니스틱톡108,TikTok,패션,하울,Korea,124851,64241,256964,11.29,4.0,18-34,Female,7800.0,20,하락,2025-12-02,없음,10,3.8,매크로,OOTD협찬,2025-05-23
CR_TK_109,푸드틱토커109,@tk_푸드틱토커109,TikTok,교육,스터디,Korea,2816,1610,12880,3.89,4.0,25-44,Mixed,2100.0,15,상승,2026-05-16,없음,25,5.0,나노,제품리뷰,2025-05-23
CR_TK_110,피트니스틱톡110,@tk_피트니스틱톡110,TikTok,푸드,레시피,Korea,7271,2482,9928,3.47,4.4,18-34,Mixed,2800.0,3,유지,2025-12-22,없음,30,3.9,나노,먹방협찬,2025-05-23
CR_TK_111,틱톡뷰티111,@tk_틱톡뷰티111,TikTok,여행,브이로그,Korea,906048,338354,1691770,11.0,4.1,25-44,Mixed,2300.0,3,상승,2026-03-27,없음,33,4.2,매크로,PPL,2025-05-23
CR_TK_112,뷰티챌린저112,@tk_뷰티챌린저112,TikTok,테크,팁강의,Korea,14959,8204,65632,2.24,3.0,25-44,Male,4400.0,1,유지,2026-05-01,없음,35,3.4,마이크로,제품리뷰,2025-05-23
CR_TK_113,교육틱톡113,@tk_교육틱톡113,TikTok,푸드,먹방,Korea,503097,385179,4236969,1.89,3.6,18-34,Mixed,8900.0,11,하락,2026-01-17,없음,8,3.8,매크로,레시피협찬,2025-05-23
CR_TK_114,테크틱톡114,@tk_테크틱톡114,TikTok,게임,공략,Korea,2318,1578,12624,7.95,2.5,13-24,Male,1800.0,13,하락,2025-12-19,없음,29,3.5,나노,브랜디드,2025-05-23
CR_TK_115,여행틱톡115,@tk_여행틱톡115,TikTok,피트니스,다이어트,Korea,763529,288986,2022902,2.11,2.6,18-34,Mixed,6900.0,19,상승,2026-03-06,없음,9,5.0,매크로,제품리뷰,2025-05-23
CR_TK_116,테크틱톡116,@tk_테크틱톡116,TikTok,게임,리뷰,Korea,1268,98,392,4.38,4.2,13-24,Male,4500.0,7,하락,2026-04-20,확인필요,34,2.0,나노,브랜디드,2025-05-23
CR_TK_117,라이프틱톡117,@tk_라이프틱톡117,TikTok,교육,요약,Korea,1604,964,10604,8.02,3.4,25-44,Mixed,8400.0,2,상승,2026-04-29,없음,5,4.5,나노,PPL,2025-05-23
CR_TK_118,라이프스타일러118,@tk_라이프스타일러118,TikTok,뷰티,튜토리얼,Korea,22752,8921,53526,10.11,2.2,18-34,Female,7600.0,4,유지,2026-04-02,없음,19,4.7,마이크로,GRWM협찬,2025-05-23
CR_TK_119,패션틱톡119,@tk_패션틱톡119,TikTok,엔터테인먼트,숏폼댄스,Korea,7586,2224,26688,2.08,4.5,13-24,Mixed,7400.0,25,상승,2026-04-01,없음,26,4.7,나노,PPL,2025-05-23
CR_TK_120,쿡방틱톡120,@tk_쿡방틱톡120,TikTok,패션,하울,Korea,3753,2147,25764,2.4,2.7,18-34,Female,5900.0,5,상승,2026-05-22,없음,29,4.7,나노,PPL,2025-05-23
CR_TK_121,틱톡뷰티121,@tk_틱톡뷰티121,TikTok,여행,여행팁,Korea,4010048,2985892,23887136,5.29,4.4,25-44,Mixed,7300.0,23,상승,2025-12-23,없음,45,4.2,메가,브랜디드,2025-05-23
CR_TK_123,라이프틱톡123,@tk_라이프틱톡123,TikTok,게임,공략,Korea,655953,513344,4620096,10.42,5.0,13-24,Male,5300.0,15,하락,2026-04-18,없음,22,3.8,매크로,제품리뷰,2025-05-23
CR_TK_124,푸드틱토커124,@tk_푸드틱토커124,TikTok,푸드,쿡방,Korea,984769,764604,8410644,6.22,2.5,18-34,Mixed,8400.0,2,하락,2026-02-02,없음,18,3.3,매크로,레시피협찬,2025-05-23
CR_TK_125,엔터틱톡125,@tk_엔터틱톡125,TikTok,피트니스,영양,Korea,8424,694,2776,11.14,2.5,18-34,Mixed,7400.0,16,유지,2025-11-30,없음,20,4.7,나노,PPL,2025-05-23
CR_TK_126,패션틱톡126,@tk_패션틱톡126,TikTok,교육,강의,Korea,98716,71448,500136,9.46,3.0,25-44,Mixed,2200.0,24,유지,2025-12-22,없음,19,4.7,마이크로,브랜디드,2025-05-23
CR_TK_127,여행틱톡127,@tk_여행틱톡127,TikTok,교육,스터디,Korea,557037,88405,972455,2.55,3.1,25-44,Mixed,4900.0,7,하락,2026-01-31,없음,17,3.8,매크로,제품리뷰,2025-05-23
CR_TK_128,댄스크리에이터128,@tk_댄스크리에이터128,TikTok,뷰티,GRWM,Korea,46779,7128,78408,5.77,2.5,18-34,Female,4100.0,10,유지,2025-12-11,없음,15,4.7,마이크로,GRWM협찬,2025-05-23
CR_TK_129,테크틱톡129,@tk_테크틱톡129,TikTok,엔터테인먼트,챌린지,Korea,38369,18942,208362,3.71,4.2,13-24,Mixed,7000.0,8,상승,2026-01-23,없음,42,4.2,마이크로,브랜디드,2025-05-23
CR_TK_130,라이프스타일러130,@tk_라이프스타일러130,TikTok,테크,리뷰,Korea,10665,3874,15496,0.96,3.4,25-44,Male,7300.0,2,유지,2026-03-16,없음,35,3.9,마이크로,제품리뷰,2025-05-23
CR_TK_131,라이프틱톡131,@tk_라이프틱톡131,TikTok,여행,명소소개,Korea,889660,52772,527720,11.42,2.4,25-44,Mixed,3700.0,21,상승,2025-11-05,없음,24,5.0,매크로,브랜디드,2025-05-23
CR_TK_132,테크틱톡132,@tk_테크틱톡132,TikTok,여행,브이로그,Korea,86501,5908,64988,5.83,2.4,25-44,Mixed,6800.0,6,상승,2026-04-10,없음,45,4.2,마이크로,브랜디드,2025-05-23
CR_TK_133,게임틱톡133,@tk_게임틱톡133,TikTok,푸드,맛집투어,Korea,6454,2892,23136,5.4,2.8,18-34,Mixed,8600.0,18,유지,2026-05-23,없음,10,4.7,나노,먹방협찬,2025-05-23
CR_TK_134,교육틱톡134,@tk_교육틱톡134,TikTok,뷰티,GRWM,Korea,6963,4985,24925,4.9,3.4,18-34,Female,1800.0,12,상승,2026-04-15,없음,9,5.0,나노,GRWM협찬,2025-05-23
CR_TK_135,라이프틱톡135,@tk_라이프틱톡135,TikTok,피트니스,홈트,Korea,95070,38871,272097,9.16,4.3,18-34,Mixed,3900.0,9,유지,2026-04-24,없음,22,4.7,마이크로,챌린지,2025-05-23
CR_TK_136,패션틱톡136,@tk_패션틱톡136,TikTok,피트니스,운동루틴,Korea,75726,33698,168490,5.91,3.6,18-34,Mixed,7700.0,10,유지,2026-04-08,없음,9,4.7,마이크로,제품리뷰,2025-05-23
CR_TK_137,틱톡뷰티137,@tk_틱톡뷰티137,TikTok,푸드,먹방,Korea,33437,8903,44515,1.76,2.8,18-34,Mixed,6700.0,16,상승,2025-12-23,확인필요,45,2.7,마이크로,레시피협찬,2025-05-23
CR_TK_138,뷰티챌린저138,@tk_뷰티챌린저138,TikTok,엔터테인먼트,커버댄스,Korea,27305,11070,110700,5.6,3.9,13-24,Mixed,3700.0,3,상승,2026-05-25,없음,38,3.7,마이크로,챌린지,2025-05-23
CR_TK_139,패션틱톡139,@tk_패션틱톡139,TikTok,교육,자격증,Korea,6346,2631,31572,10.18,3.3,25-44,Mixed,3800.0,5,상승,2025-12-14,없음,19,5.0,나노,브랜디드,2025-05-23
CR_TK_140,푸드틱토커140,@tk_푸드틱토커140,TikTok,패션,하울,Korea,3430,1079,11869,11.5,3.9,18-34,Female,2700.0,18,상승,2025-12-17,없음,14,5.0,나노,PPL,2025-05-23
CR_TK_141,숏폼댄서141,@tk_숏폼댄서141,TikTok,푸드,레시피,Korea,3072,1169,10521,2.62,3.7,18-34,Mixed,1800.0,11,상승,2025-12-08,없음,33,4.7,나노,먹방협찬,2025-05-23
CR_TK_142,틱톡뷰티142,@tk_틱톡뷰티142,TikTok,패션,PPL,Korea,7628,5708,34248,11.4,4.8,18-34,Female,2700.0,24,유지,2026-03-10,없음,23,4.7,나노,OOTD협찬,2025-05-23
CR_TK_143,뷰티챌린저143,@tk_뷰티챌린저143,TikTok,교육,스터디,Korea,692688,413124,4544364,4.39,2.3,25-44,Mixed,5100.0,2,상승,2026-04-23,없음,12,4.5,매크로,제품리뷰,2025-05-23
CR_TK_144,엔터틱톡144,@tk_엔터틱톡144,TikTok,엔터테인먼트,개그,Korea,8306,2641,23769,1.13,3.9,13-24,Mixed,5900.0,8,상승,2025-12-21,없음,10,5.0,나노,브랜디드,2025-05-23
CR_TK_145,교육틱톡145,@tk_교육틱톡145,TikTok,푸드,맛집투어,Korea,74286,21418,257016,11.35,4.7,18-34,Mixed,4200.0,5,하락,2026-02-18,없음,29,3.5,마이크로,제품리뷰,2025-05-23
CR_TK_146,패션틱톡146,@tk_패션틱톡146,TikTok,패션,PPL,Korea,68402,48273,241365,2.98,4.7,18-34,Female,7100.0,14,유지,2026-01-13,없음,32,4.4,마이크로,PPL,2025-05-23
CR_TK_147,엔터틱톡147,@tk_엔터틱톡147,TikTok,교육,스터디,Korea,317877,88186,1058232,11.85,2.2,25-44,Mixed,8700.0,25,유지,2025-11-23,없음,31,4.4,매크로,브랜디드,2025-05-23
CR_TK_148,교육틱톡148,@tk_교육틱톡148,TikTok,테크,팁강의,Korea,84437,52049,312294,2.79,4.5,25-44,Male,3700.0,16,상승,2026-01-17,없음,24,5.0,마이크로,브랜디드,2025-05-23
CR_TK_149,라이프틱톡149,@tk_라이프틱톡149,TikTok,여행,숙박리뷰,Korea,1041048,172312,1378496,11.49,4.5,25-44,Mixed,5000.0,21,하락,2026-01-13,없음,16,3.8,메가,브랜디드,2025-05-23
CR_TK_150,숏폼댄서150,@tk_숏폼댄서150,TikTok,라이프스타일,인테리어,Korea,390683,164003,820015,0.0,3.1,25-44,Female,5100.0,14,상승,2026-04-10,없음,12,5.0,매크로,제품리뷰,2025-05-23
CR_TK_151,숏폼댄서151,@tk_숏폼댄서151,TikTok,교육,스터디,Korea,3668,1783,10698,4.18,4.6,25-44,Mixed,2500.0,6,상승,2026-01-09,없음,31,4.7,나노,제품리뷰,2025-05-23
CR_TK_152,피트니스틱톡152,@tk_피트니스틱톡152,TikTok,패션,코디추천,Korea,20069,8738,52428,9.29,3.8,18-34,Female,2800.0,11,상승,2026-04-25,없음,22,5.0,마이크로,PPL,2025-05-23
CR_TK_153,엔터틱톡153,@tk_엔터틱톡153,TikTok,게임,리뷰,Korea,28837,1720,20640,3.74,4.3,13-24,Male,4600.0,6,상승,2025-12-26,없음,37,4.2,마이크로,제품리뷰,2025-05-23
CR_TK_154,엔터틱톡154,@tk_엔터틱톡154,TikTok,게임,스트리밍,Korea,9612,6579,78948,8.58,4.4,13-24,Male,4600.0,3,상승,2025-12-04,없음,35,4.2,나노,PPL,2025-05-23
CR_TK_155,쿡방틱톡155,@tk_쿡방틱톡155,TikTok,피트니스,다이어트,Korea,9570,5959,53631,2.48,2.9,18-34,Mixed,7100.0,4,상승,2025-12-03,없음,19,5.0,나노,챌린지,2025-05-23
CR_TK_156,쿡방틱톡156,@tk_쿡방틱톡156,TikTok,라이프스타일,일상브이로그,Korea,7960,4522,22610,1.39,4.3,25-44,Female,7200.0,2,상승,2025-11-28,없음,37,3.7,나노,브랜디드,2025-05-23
CR_TK_157,라이프스타일러157,@tk_라이프스타일러157,TikTok,푸드,먹방,Korea,18683,5160,20640,9.18,4.3,18-34,Mixed,8400.0,7,유지,2025-12-22,없음,27,4.4,마이크로,제품리뷰,2025-05-23
CR_TK_158,테크틱톡158,@tk_테크틱톡158,TikTok,테크,리뷰,Korea,5544,4222,37998,4.55,4.6,25-44,Male,7400.0,20,상승,2026-03-10,없음,9,5.0,나노,브랜디드,2025-05-23
CR_TK_159,교육틱톡159,@tk_교육틱톡159,TikTok,뷰티,GRWM,Korea,300852,232618,1395708,10.87,3.6,18-34,Female,8800.0,4,상승,2026-03-10,없음,28,4.7,매크로,튜토리얼리뷰,2025-05-23
CR_TK_160,쿡방틱톡160,@tk_쿡방틱톡160,TikTok,푸드,쿡방,Korea,7219,2657,31884,3.12,2.3,18-34,Mixed,8900.0,4,유지,2025-11-29,확인필요,13,3.2,나노,레시피협찬,2025-05-23
CR_TK_161,교육틱톡161,@tk_교육틱톡161,TikTok,패션,코디추천,Korea,2347,694,3470,4.92,3.4,18-34,Female,7000.0,22,유지,2025-12-28,없음,31,4.4,나노,OOTD협찬,2025-05-23
CR_TK_162,테크틱톡162,@tk_테크틱톡162,TikTok,라이프스타일,일상브이로그,Korea,981913,640037,5760333,2.56,5.0,25-44,Female,5200.0,4,유지,2026-02-21,확인필요,10,3.2,매크로,일상PPL,2025-05-23
CR_TK_163,게임틱톡163,@tk_게임틱톡163,TikTok,엔터테인먼트,개그,Korea,2666,1615,9690,1.24,4.9,13-24,Mixed,4000.0,20,유지,2025-12-02,없음,32,4.4,나노,챌린지,2025-05-23
CR_TK_164,엔터틱톡164,@tk_엔터틱톡164,TikTok,교육,강의,Korea,94388,71491,643419,5.97,3.8,25-44,Mixed,4500.0,16,유지,2026-01-11,없음,34,4.4,마이크로,제품리뷰,2025-05-23
CR_TK_165,여행틱톡165,@tk_여행틱톡165,TikTok,패션,코디추천,Korea,92361,69899,279596,1.65,2.2,18-34,Female,2000.0,22,상승,2025-12-16,없음,43,4.2,마이크로,PPL,2025-05-23
CR_TK_166,엔터틱톡166,@tk_엔터틱톡166,TikTok,패션,코디추천,Korea,20029,10932,131184,9.33,4.4,18-34,Female,3000.0,22,유지,2026-03-06,확인필요,21,3.2,마이크로,하울,2025-05-23
CR_TK_167,숏폼댄서167,@tk_숏폼댄서167,TikTok,게임,스트리밍,Korea,1517,1203,6015,4.91,2.9,13-24,Male,4300.0,15,상승,2025-11-09,없음,40,4.2,나노,브랜디드,2025-05-23
CR_TK_168,여행틱톡168,@tk_여행틱톡168,TikTok,테크,팁강의,Korea,50954,29899,328889,9.29,3.7,25-44,Male,5200.0,18,하락,2026-03-19,없음,35,3.5,마이크로,브랜디드,2025-05-23
CR_TK_169,교육틱톡169,@tk_교육틱톡169,TikTok,테크,언박싱,Korea,376185,158380,1583800,7.59,3.1,25-44,Male,8800.0,11,상승,2025-11-08,없음,7,5.0,매크로,제품리뷰,2025-05-23
CR_TK_170,푸드틱토커170,@tk_푸드틱토커170,TikTok,피트니스,운동루틴,Korea,1440,898,8082,4.88,3.3,18-34,Mixed,8900.0,14,상승,2025-11-15,없음,20,5.0,나노,PPL,2025-05-23
CR_TK_171,엔터틱톡171,@tk_엔터틱톡171,TikTok,패션,PPL,Korea,821411,81422,651376,1.82,2.5,18-34,Female,5500.0,2,유지,2026-04-18,없음,41,3.4,매크로,OOTD협찬,2025-05-23
CR_TK_173,쿡방틱톡173,@tk_쿡방틱톡173,TikTok,피트니스,다이어트,Korea,57622,44776,313432,6.21,4.5,18-34,Mixed,7400.0,18,상승,2026-01-13,없음,8,5.0,마이크로,PPL,2025-05-23
CR_TK_174,푸드틱토커174,@tk_푸드틱토커174,TikTok,엔터테인먼트,숏폼댄스,Korea,878974,675452,3377260,7.31,2.8,13-24,Mixed,5700.0,17,유지,2026-02-18,없음,27,4.4,매크로,브랜디드,2025-05-23
CR_TK_175,교육틱톡175,@tk_교육틱톡175,TikTok,패션,OOTD,Korea,8092,4431,39879,2.8,3.2,18-34,Female,6200.0,15,하락,2026-05-15,없음,16,3.8,나노,하울,2025-05-23
CR_TK_176,테크틱톡176,@tk_테크틱톡176,TikTok,게임,리뷰,Korea,623452,130746,1438206,3.58,3.9,13-24,Male,7600.0,25,유지,2026-03-25,없음,38,3.9,매크로,PPL,2025-05-23
CR_TK_177,쿡방틱톡177,@tk_쿡방틱톡177,TikTok,여행,여행팁,Korea,882692,497820,3982560,10.21,3.2,25-44,Mixed,8000.0,3,하락,2025-12-23,없음,22,3.3,매크로,브랜디드,2025-05-23
CR_TK_178,피트니스틱톡178,@tk_피트니스틱톡178,TikTok,테크,팁강의,Korea,4868,1725,8625,2.22,2.1,25-44,Male,7500.0,10,유지,2026-03-05,없음,32,4.4,나노,브랜디드,2025-05-23
CR_TK_179,라이프틱톡179,@tk_라이프틱톡179,TikTok,뷰티,튜토리얼,Korea,243057,17465,139720,8.07,2.5,18-34,Female,7900.0,24,유지,2026-05-20,없음,8,4.7,매크로,튜토리얼리뷰,2025-05-23
CR_TK_180,피트니스틱톡180,@tk_피트니스틱톡180,TikTok,교육,스터디,Korea,7668,5540,27700,5.06,4.5,25-44,Mixed,7800.0,8,상승,2026-03-27,확인필요,12,3.5,나노,브랜디드,2025-05-23
CR_TK_181,라이프틱톡181,@tk_라이프틱톡181,TikTok,푸드,맛집투어,Korea,51079,15168,151680,9.77,4.2,18-34,Mixed,8500.0,7,상승,2025-11-28,없음,18,5.0,마이크로,레시피협찬,2025-05-23
CR_TK_182,피트니스틱톡182,@tk_피트니스틱톡182,TikTok,엔터테인먼트,커버댄스,Korea,1916,800,7200,8.55,2.3,13-24,Mixed,5600.0,16,하락,2026-01-03,없음,14,3.8,나노,챌린지,2025-05-23
CR_TK_183,테크틱톡183,@tk_테크틱톡183,TikTok,피트니스,영양,Korea,94593,73319,293276,10.18,4.0,18-34,Mixed,8600.0,23,하락,2026-01-01,없음,40,3.0,마이크로,제품리뷰,2025-05-23
CR_TK_184,라이프스타일러184,@tk_라이프스타일러184,TikTok,피트니스,다이어트,Korea,2999,1353,9471,10.36,3.2,18-34,Mixed,8300.0,13,상승,2026-01-17,없음,20,5.0,나노,챌린지,2025-05-23
CR_TK_185,라이프스타일러185,@tk_라이프스타일러185,TikTok,테크,팁강의,Korea,51573,36596,365960,9.58,2.8,25-44,Male,2100.0,25,유지,2026-03-01,없음,26,4.4,마이크로,언박싱리뷰,2025-05-23
CR_TK_186,댄스크리에이터186,@tk_댄스크리에이터186,TikTok,테크,팁강의,Korea,18698,5869,70428,8.98,3.4,25-44,Male,1700.0,2,하락,2026-04-14,없음,45,2.5,마이크로,브랜디드,2025-05-23
CR_TK_187,숏폼댄서187,@tk_숏폼댄서187,TikTok,테크,팁강의,Korea,92352,25781,128905,1.77,2.7,25-44,Male,6900.0,25,하락,2026-05-15,없음,43,3.0,마이크로,제품리뷰,2025-05-23
CR_TK_188,여행틱톡188,@tk_여행틱톡188,TikTok,여행,브이로그,Korea,3187,782,7038,9.69,2.6,25-44,Mixed,4600.0,6,유지,2026-02-05,없음,19,4.7,나노,협찬리뷰,2025-05-23
CR_TK_189,뷰티챌린저189,@tk_뷰티챌린저189,TikTok,게임,리뷰,Korea,39977,29188,321068,2.78,4.1,13-24,Male,2800.0,13,유지,2026-02-18,없음,21,4.7,마이크로,제품리뷰,2025-05-23
CR_TK_190,쿡방틱톡190,@tk_쿡방틱톡190,TikTok,피트니스,운동루틴,Korea,2922,177,2124,5.5,4.8,18-34,Mixed,4900.0,22,유지,2025-12-01,없음,18,4.7,나노,제품리뷰,2025-05-23
CR_TK_191,댄스크리에이터191,@tk_댄스크리에이터191,TikTok,패션,하울,Korea,27065,10108,70756,7.4,5.0,18-34,Female,3600.0,22,상승,2026-02-16,없음,31,4.7,마이크로,PPL,2025-05-23
CR_TK_192,피트니스틱톡192,@tk_피트니스틱톡192,TikTok,패션,PPL,Korea,572883,418488,3766392,7.2,3.9,18-34,Female,2100.0,16,상승,2026-01-22,없음,18,5.0,매크로,하울,2025-05-23
CR_TK_193,댄스크리에이터193,@tk_댄스크리에이터193,TikTok,엔터테인먼트,숏폼댄스,Korea,19575,2377,9508,1.1,4.8,13-24,Mixed,5000.0,12,유지,2026-04-21,없음,7,4.7,마이크로,챌린지,2025-05-23
CR_TK_194,엔터틱톡194,@tk_엔터틱톡194,TikTok,게임,업적,Korea,61733,34165,204990,11.63,3.7,13-24,Male,5900.0,9,상승,2026-03-09,없음,26,4.7,마이크로,제품리뷰,2025-05-23
CR_TK_195,패션틱톡195,@tk_패션틱톡195,TikTok,푸드,맛집투어,Korea,8093,1265,6325,4.1,4.9,18-34,Mixed,5200.0,9,하락,2026-02-01,없음,23,3.8,나노,먹방협찬,2025-05-23
CR_TK_196,교육틱톡196,@tk_교육틱톡196,TikTok,패션,하울,Korea,31624,9065,99715,9.28,2.5,18-34,Female,7900.0,22,하락,2026-05-24,없음,8,3.8,마이크로,PPL,2025-05-23
CR_TK_197,라이프틱톡197,@tk_라이프틱톡197,TikTok,뷰티,언박싱,Korea,593090,145406,1599466,5.52,5.0,18-34,Female,8500.0,2,유지,2026-01-31,없음,36,3.4,매크로,튜토리얼리뷰,2025-05-23
CR_TK_198,테크틱톡198,@tk_테크틱톡198,TikTok,푸드,레시피,Korea,3425,488,2440,2.84,2.9,18-34,Mixed,7800.0,24,유지,2026-01-09,없음,42,3.9,나노,먹방협찬,2025-05-23
CR_TK_199,교육틱톡199,@tk_교육틱톡199,TikTok,뷰티,리뷰,Korea,3958,1434,7170,3.33,3.5,18-34,Female,2200.0,11,상승,2026-01-12,없음,30,4.7,나노,브랜디드,2025-05-23
CR_TK_200,테크틱톡200,@tk_테크틱톡200,TikTok,푸드,맛집투어,Korea,13784,1527,16797,5.72,4.9,18-34,Mixed,6000.0,1,상승,2025-11-12,없음,33,3.7,마이크로,먹방협찬,2025-05-23
