Rating_ID,Collab_ID,Brand_ID,Creator_ID,Score,Review_Text,Rated_At
RT_00001,CB_00001,BR_00085,CR_YT_088,4.3,"참여율 양호, 다음 캠페인 고려 중",2025-10-05
RT_00002,CB_00002,BR_00017,CR_TK_107,5.0,"전환율 기대 이상, 강력 추천",2024-08-22
RT_00003,CB_00003,BR_00082,CR_YT_126,3.0,기대 대비 전환 소폭 미흡,2024-05-29
RT_00005,CB_00005,BR_00027,CR_TK_073,3.3,일정 지연 있었으나 결과물 양호,2024-06-03
RT_00006,CB_00006,BR_00083,CR_TK_085,4.6,"브랜드 톤 완벽 일치, 콘텐츠 퀄리티 탁월",2025-07-13
RT_00007,CB_00007,BR_00089,CR_YT_248,2.8,기대 대비 전환 소폭 미흡,2025-08-02
RT_00008,CB_00008,BR_00005,CR_YT_107,3.8,"참여율 양호, 다음 캠페인 고려 중",2024-09-22
RT_00009,CB_00009,BR_00049,CR_YT_293,4.4,"참여율 양호, 다음 캠페인 고려 중",2024-07-12
RT_00010,CB_00010,BR_00067,CR_YT_181,4.6,"타깃 참여율 우수, 재협업 의향 있음",2024-11-28
RT_00011,CB_00011,BR_00056,CR_YT_210,4.4,"전반적 만족, 일정 준수 양호",2025-03-26
RT_00012,CB_00012,BR_00083,CR_YT_039,3.5,"참여율 양호, 다음 캠페인 고려 중",2025-01-21
RT_00013,CB_00013,BR_00036,CR_TK_175,3.2,일정 지연 있었으나 결과물 양호,2024-09-08
RT_00014,CB_00014,BR_00087,CR_YT_169,4.7,"전환율 기대 이상, 강력 추천",2024-10-17
RT_00015,CB_00015,BR_00078,CR_YT_071,3.9,"콘텐츠 퀄리티 준수, 소통 원활",2025-08-16
RT_00016,CB_00016,BR_00052,CR_TK_185,3.6,"전반적 만족, 일정 준수 양호",2025-05-27
RT_00017,CB_00017,BR_00020,CR_TK_144,4.3,"콘텐츠 퀄리티 준수, 소통 원활",2025-03-17
RT_00018,CB_00018,BR_00071,CR_TK_088,5.0,"브랜드 톤 완벽 일치, 콘텐츠 퀄리티 탁월",2025-07-05
RT_00019,CB_00019,BR_00090,CR_YT_214,4.1,"전반적 만족, 일정 준수 양호",2024-10-09
RT_00020,CB_00020,BR_00017,CR_YT_157,3.1,일정 지연 있었으나 결과물 양호,2024-03-18
RT_00021,CB_00021,BR_00088,CR_TK_086,3.7,"전반적 만족, 일정 준수 양호",2025-05-23
RT_00022,CB_00022,BR_00018,CR_YT_079,4.0,"콘텐츠 퀄리티 준수, 소통 원활",2025-03-08
RT_00024,CB_00024,BR_00058,CR_TK_028,4.3,"콘텐츠 퀄리티 준수, 소통 원활",2024-12-02
RT_00025,CB_00025,BR_00078,CR_YT_251,5.0,"타깃 참여율 우수, 재협업 의향 있음",2024-03-12
RT_00026,CB_00026,BR_00038,CR_TK_038,3.8,"콘텐츠 퀄리티 준수, 소통 원활",2025-07-18
RT_00027,CB_00027,BR_00053,CR_YT_201,4.3,"콘텐츠 퀄리티 준수, 소통 원활",2024-07-06
RT_00028,CB_00028,BR_00027,CR_YT_067,4.0,"참여율 양호, 다음 캠페인 고려 중",2024-08-31
RT_00029,CB_00029,BR_00040,CR_TK_001,4.1,"참여율 양호, 다음 캠페인 고려 중",2024-10-28
RT_00030,CB_00030,BR_00058,CR_YT_033,4.1,"참여율 양호, 다음 캠페인 고려 중",2025-05-27
RT_00031,CB_00031,BR_00059,CR_YT_237,2.9,기대 대비 전환 소폭 미흡,2025-08-30
RT_00032,CB_00032,BR_00090,CR_TK_132,4.2,"콘텐츠 퀄리티 준수, 소통 원활",2025-01-02
RT_00033,CB_00033,BR_00080,CR_TK_076,3.1,일정 지연 있었으나 결과물 양호,2025-05-20
RT_00034,CB_00034,BR_00090,CR_TK_185,3.7,"참여율 양호, 다음 캠페인 고려 중",2024-03-24
RT_00035,CB_00035,BR_00086,CR_TK_170,4.4,"참여율 양호, 다음 캠페인 고려 중",2024-04-13
RT_00036,CB_00036,BR_00048,CR_YT_040,4.6,"브랜드 톤 완벽 일치, 콘텐츠 퀄리티 탁월",2024-07-22
RT_00037,CB_00037,BR_00065,CR_YT_023,2.6,기대 대비 전환 소폭 미흡,2025-05-07
RT_00038,CB_00038,BR_00096,CR_YT_205,5.0,"브랜드 톤 완벽 일치, 콘텐츠 퀄리티 탁월",2024-09-30
RT_00039,CB_00039,BR_00086,CR_TK_084,4.7,"브랜드 톤 완벽 일치, 콘텐츠 퀄리티 탁월",2025-06-22
RT_00040,CB_00040,BR_00057,CR_YT_072,4.0,"콘텐츠 퀄리티 준수, 소통 원활",2025-06-10
RT_00041,CB_00041,BR_00038,CR_YT_064,4.3,"콘텐츠 퀄리티 준수, 소통 원활",2025-09-12
RT_00042,CB_00042,BR_00057,CR_YT_184,5.0,"전환율 기대 이상, 강력 추천",2024-08-03
RT_00043,CB_00043,BR_00007,CR_TK_129,4.5,"전환율 기대 이상, 강력 추천",2026-01-22
RT_00044,CB_00044,BR_00040,CR_YT_228,4.3,"전반적 만족, 일정 준수 양호",2024-06-02
RT_00045,CB_00045,BR_00048,CR_TK_166,3.8,"전반적 만족, 일정 준수 양호",2024-10-10
RT_00046,CB_00046,BR_00025,CR_TK_049,2.9,타깃 일치도 보통,2024-04-13
RT_00047,CB_00047,BR_00093,CR_YT_086,3.7,"콘텐츠 퀄리티 준수, 소통 원활",2024-04-22
RT_00048,CB_00048,BR_00080,CR_YT_107,3.9,"참여율 양호, 다음 캠페인 고려 중",2025-09-18
RT_00049,CB_00049,BR_00023,CR_YT_008,3.0,타깃 일치도 보통,2025-03-24
RT_00050,CB_00050,BR_00036,CR_TK_033,2.6,타깃 일치도 보통,2025-11-03
RT_00051,CB_00051,BR_00064,CR_YT_053,4.2,"참여율 양호, 다음 캠페인 고려 중",2025-10-14
RT_00052,CB_00052,BR_00090,CR_YT_199,4.0,"전반적 만족, 일정 준수 양호",2024-06-19
RT_00053,CB_00053,BR_00086,CR_YT_247,4.2,"전반적 만족, 일정 준수 양호",2024-04-23
RT_00054,CB_00054,BR_00095,CR_YT_120,4.0,"전반적 만족, 일정 준수 양호",2025-09-09
RT_00055,CB_00055,BR_00016,CR_YT_159,3.2,타깃 일치도 보통,2024-11-10
RT_00057,CB_00057,BR_00057,CR_TK_079,4.1,"전반적 만족, 일정 준수 양호",2025-01-07
RT_00058,CB_00058,BR_00054,CR_TK_032,4.9,"브랜드 톤 완벽 일치, 콘텐츠 퀄리티 탁월",2024-11-08
RT_00059,CB_00059,BR_00007,CR_TK_165,3.8,"콘텐츠 퀄리티 준수, 소통 원활",2024-10-20
RT_00060,CB_00060,BR_00001,CR_YT_034,1.7,"타깃 불일치, 전환율 저조",2025-06-08
RT_00061,CB_00061,BR_00017,CR_YT_047,4.7,"브랜드 톤 완벽 일치, 콘텐츠 퀄리티 탁월",2024-09-27
RT_00062,CB_00062,BR_00055,CR_TK_072,4.1,"콘텐츠 퀄리티 준수, 소통 원활",2025-05-27
RT_00063,CB_00063,BR_00039,CR_YT_147,4.3,"전반적 만족, 일정 준수 양호",2025-10-21
RT_00064,CB_00064,BR_00047,CR_YT_204,2.7,기대 대비 전환 소폭 미흡,2025-03-02
RT_00065,CB_00065,BR_00020,CR_TK_120,3.3,타깃 일치도 보통,2025-06-04
RT_00066,CB_00066,BR_00039,CR_TK_005,4.7,"전환율 기대 이상, 강력 추천",2025-08-11
RT_00067,CB_00067,BR_00037,CR_YT_193,4.6,"전환율 기대 이상, 강력 추천",2025-11-09
RT_00068,CB_00068,BR_00025,CR_YT_003,4.3,"참여율 양호, 다음 캠페인 고려 중",2024-04-23
RT_00069,CB_00069,BR_00051,CR_TK_197,4.3,"콘텐츠 퀄리티 준수, 소통 원활",2025-03-23
RT_00071,CB_00071,BR_00099,CR_TK_168,4.2,"콘텐츠 퀄리티 준수, 소통 원활",2025-03-28
RT_00072,CB_00072,BR_00050,CR_TK_175,3.5,"참여율 양호, 다음 캠페인 고려 중",2025-04-18
RT_00073,CB_00073,BR_00087,CR_YT_015,2.9,기대 대비 전환 소폭 미흡,2025-11-30
RT_00074,CB_00074,BR_00078,CR_YT_297,2.5,기대 대비 전환 소폭 미흡,2024-07-01
RT_00075,CB_00075,BR_00091,CR_TK_001,4.8,"브랜드 톤 완벽 일치, 콘텐츠 퀄리티 탁월",2024-06-28
RT_00076,CB_00076,BR_00089,CR_YT_155,3.2,기대 대비 전환 소폭 미흡,2025-09-01
RT_00077,CB_00077,BR_00094,CR_TK_146,3.9,"참여율 양호, 다음 캠페인 고려 중",2024-04-20
RT_00078,CB_00078,BR_00096,CR_YT_108,3.9,"전반적 만족, 일정 준수 양호",2025-03-23
RT_00079,CB_00079,BR_00100,CR_TK_057,4.1,"콘텐츠 퀄리티 준수, 소통 원활",2025-06-05
RT_00080,CB_00080,BR_00024,CR_TK_061,4.5,"전환율 기대 이상, 강력 추천",2024-06-23
RT_00081,CB_00081,BR_00028,CR_YT_096,4.3,"참여율 양호, 다음 캠페인 고려 중",2024-08-13
RT_00082,CB_00082,BR_00053,CR_YT_226,3.9,"참여율 양호, 다음 캠페인 고려 중",2026-01-11
RT_00083,CB_00083,BR_00016,CR_YT_142,5.0,"전환율 기대 이상, 강력 추천",2024-04-10
RT_00084,CB_00084,BR_00002,CR_YT_032,3.9,"참여율 양호, 다음 캠페인 고려 중",2024-10-18
RT_00085,CB_00085,BR_00001,CR_YT_193,3.0,기대 대비 전환 소폭 미흡,2025-12-21
RT_00086,CB_00086,BR_00044,CR_TK_010,4.5,"타깃 참여율 우수, 재협업 의향 있음",2025-04-25
RT_00087,CB_00087,BR_00047,CR_TK_041,3.4,기대 대비 전환 소폭 미흡,2025-04-17
RT_00088,CB_00088,BR_00001,CR_YT_234,4.2,"참여율 양호, 다음 캠페인 고려 중",2025-03-28
RT_00089,CB_00089,BR_00097,CR_TK_118,3.3,기대 대비 전환 소폭 미흡,2024-10-18
RT_00090,CB_00090,BR_00085,CR_YT_097,5.0,"브랜드 톤 완벽 일치, 콘텐츠 퀄리티 탁월",2024-02-10
RT_00091,CB_00091,BR_00042,CR_TK_048,3.9,"전반적 만족, 일정 준수 양호",2025-05-03
RT_00092,CB_00092,BR_00055,CR_TK_181,4.8,"타깃 참여율 우수, 재협업 의향 있음",2025-05-22
RT_00093,CB_00093,BR_00067,CR_TK_149,4.7,"전환율 기대 이상, 강력 추천",2025-11-12
RT_00094,CB_00094,BR_00071,CR_TK_148,5.0,"브랜드 톤 완벽 일치, 콘텐츠 퀄리티 탁월",2025-06-03
RT_00095,CB_00095,BR_00032,CR_YT_109,4.5,"브랜드 톤 완벽 일치, 콘텐츠 퀄리티 탁월",2024-07-18
RT_00096,CB_00096,BR_00042,CR_TK_163,5.0,"브랜드 톤 완벽 일치, 콘텐츠 퀄리티 탁월",2025-03-08
RT_00097,CB_00097,BR_00016,CR_TK_041,4.1,"전반적 만족, 일정 준수 양호",2024-08-22
RT_00098,CB_00098,BR_00029,CR_TK_178,4.2,"참여율 양호, 다음 캠페인 고려 중",2025-11-24
RT_00099,CB_00099,BR_00093,CR_YT_196,4.2,"참여율 양호, 다음 캠페인 고려 중",2026-02-10
RT_00100,CB_00100,BR_00038,CR_YT_045,3.8,"참여율 양호, 다음 캠페인 고려 중",2024-05-14
RT_00101,CB_00101,BR_00074,CR_YT_189,4.1,"콘텐츠 퀄리티 준수, 소통 원활",2024-06-16
RT_00102,CB_00102,BR_00069,CR_YT_098,4.4,"참여율 양호, 다음 캠페인 고려 중",2025-04-09
RT_00103,CB_00103,BR_00067,CR_TK_040,3.8,"참여율 양호, 다음 캠페인 고려 중",2025-12-19
RT_00104,CB_00104,BR_00019,CR_TK_118,3.2,일정 지연 있었으나 결과물 양호,2024-12-12
RT_00105,CB_00105,BR_00086,CR_TK_135,5.0,"브랜드 톤 완벽 일치, 콘텐츠 퀄리티 탁월",2024-05-17
RT_00106,CB_00106,BR_00091,CR_YT_294,4.2,"전반적 만족, 일정 준수 양호",2025-06-12
RT_00107,CB_00107,BR_00043,CR_YT_079,3.9,"전반적 만족, 일정 준수 양호",2024-09-08
RT_00108,CB_00108,BR_00063,CR_TK_073,3.6,"참여율 양호, 다음 캠페인 고려 중",2025-03-15
RT_00109,CB_00109,BR_00071,CR_YT_201,4.2,"전반적 만족, 일정 준수 양호",2025-02-20
RT_00110,CB_00110,BR_00068,CR_TK_073,3.6,"전반적 만족, 일정 준수 양호",2024-11-24
RT_00111,CB_00111,BR_00017,CR_YT_166,4.7,"타깃 참여율 우수, 재협업 의향 있음",2025-09-14
RT_00113,CB_00113,BR_00084,CR_YT_005,2.9,기대 대비 전환 소폭 미흡,2025-04-11
RT_00114,CB_00114,BR_00055,CR_TK_048,3.5,"콘텐츠 퀄리티 준수, 소통 원활",2024-07-19
RT_00115,CB_00115,BR_00066,CR_TK_033,2.3,광고 비율 과다로 팔로워 반응 낮음,2025-03-23
RT_00116,CB_00116,BR_00016,CR_YT_124,3.6,"전반적 만족, 일정 준수 양호",2025-04-17
RT_00117,CB_00117,BR_00100,CR_TK_055,5.0,"타깃 참여율 우수, 재협업 의향 있음",2024-06-08
RT_00118,CB_00118,BR_00048,CR_YT_006,3.2,일정 지연 있었으나 결과물 양호,2024-05-19
RT_00119,CB_00119,BR_00003,CR_TK_001,5.0,"전환율 기대 이상, 강력 추천",2025-11-11
RT_00120,CB_00120,BR_00050,CR_YT_248,4.2,"콘텐츠 퀄리티 준수, 소통 원활",2026-01-02
RT_00121,CB_00121,BR_00069,CR_YT_095,5.0,"타깃 참여율 우수, 재협업 의향 있음",2025-03-09
RT_00122,CB_00122,BR_00009,CR_YT_266,3.5,"전반적 만족, 일정 준수 양호",2025-12-01
RT_00123,CB_00123,BR_00085,CR_TK_160,2.2,CPM 대비 성과 미흡,2024-06-11
RT_00124,CB_00124,BR_00041,CR_YT_063,3.8,"콘텐츠 퀄리티 준수, 소통 원활",2024-03-17
RT_00125,CB_00125,BR_00097,CR_YT_018,2.7,타깃 일치도 보통,2024-04-17
RT_00126,CB_00126,BR_00085,CR_YT_001,4.9,"브랜드 톤 완벽 일치, 콘텐츠 퀄리티 탁월",2024-10-25
RT_00127,CB_00127,BR_00069,CR_YT_228,4.2,"참여율 양호, 다음 캠페인 고려 중",2024-08-27
RT_00128,CB_00128,BR_00078,CR_YT_276,4.5,"전환율 기대 이상, 강력 추천",2025-07-10
RT_00129,CB_00129,BR_00019,CR_YT_154,3.6,"콘텐츠 퀄리티 준수, 소통 원활",2024-09-13
RT_00130,CB_00130,BR_00080,CR_YT_217,4.3,"참여율 양호, 다음 캠페인 고려 중",2024-06-18
RT_00131,CB_00131,BR_00011,CR_TK_184,4.2,"참여율 양호, 다음 캠페인 고려 중",2024-11-24
RT_00132,CB_00132,BR_00035,CR_TK_025,4.5,"브랜드 톤 완벽 일치, 콘텐츠 퀄리티 탁월",2025-12-06
RT_00133,CB_00133,BR_00021,CR_YT_215,3.6,"콘텐츠 퀄리티 준수, 소통 원활",2024-07-10
RT_00134,CB_00134,BR_00010,CR_YT_139,4.5,"브랜드 톤 완벽 일치, 콘텐츠 퀄리티 탁월",2024-08-08
RT_00135,CB_00135,BR_00047,CR_TK_166,3.9,"전반적 만족, 일정 준수 양호",2025-01-11
RT_00136,CB_00136,BR_00029,CR_YT_194,5.0,"타깃 참여율 우수, 재협업 의향 있음",2024-05-15
RT_00137,CB_00137,BR_00063,CR_YT_049,3.2,기대 대비 전환 소폭 미흡,2025-07-31
RT_00138,CB_00138,BR_00007,CR_YT_088,4.6,"타깃 참여율 우수, 재협업 의향 있음",2025-01-25
RT_00139,CB_00139,BR_00071,CR_TK_005,3.9,"전반적 만족, 일정 준수 양호",2025-04-30
RT_00140,CB_00140,BR_00085,CR_YT_065,3.8,"콘텐츠 퀄리티 준수, 소통 원활",2024-07-30
RT_00141,CB_00141,BR_00048,CR_TK_063,3.4,타깃 일치도 보통,2024-12-25
RT_00142,CB_00142,BR_00060,CR_YT_258,2.3,광고 비율 과다로 팔로워 반응 낮음,2024-11-26
RT_00143,CB_00143,BR_00030,CR_YT_157,4.3,"참여율 양호, 다음 캠페인 고려 중",2025-10-31
RT_00144,CB_00144,BR_00011,CR_YT_040,4.8,"타깃 참여율 우수, 재협업 의향 있음",2024-09-26
RT_00145,CB_00145,BR_00064,CR_TK_114,2.9,기대 대비 전환 소폭 미흡,2024-03-19
RT_00146,CB_00146,BR_00088,CR_TK_047,3.8,"전반적 만족, 일정 준수 양호",2025-07-26
RT_00147,CB_00147,BR_00092,CR_YT_218,4.3,"참여율 양호, 다음 캠페인 고려 중",2025-08-04
RT_00148,CB_00148,BR_00068,CR_TK_051,3.6,"전반적 만족, 일정 준수 양호",2025-10-05
RT_00149,CB_00149,BR_00068,CR_TK_163,3.9,"참여율 양호, 다음 캠페인 고려 중",2024-09-21
RT_00150,CB_00150,BR_00055,CR_YT_254,2.5,타깃 일치도 보통,2025-02-27
RT_00151,CB_00151,BR_00070,CR_TK_136,3.9,"콘텐츠 퀄리티 준수, 소통 원활",2024-06-13
RT_00152,CB_00152,BR_00073,CR_YT_202,4.3,"콘텐츠 퀄리티 준수, 소통 원활",2024-09-20
RT_00153,CB_00153,BR_00060,CR_TK_157,5.0,"브랜드 톤 완벽 일치, 콘텐츠 퀄리티 탁월",2025-12-05
RT_00154,CB_00154,BR_00014,CR_YT_003,5.0,"전환율 기대 이상, 강력 추천",2025-01-28
RT_00155,CB_00155,BR_00068,CR_YT_264,5.0,"브랜드 톤 완벽 일치, 콘텐츠 퀄리티 탁월",2024-08-16
RT_00156,CB_00156,BR_00029,CR_YT_241,4.0,"전반적 만족, 일정 준수 양호",2025-03-20
RT_00157,CB_00157,BR_00014,CR_YT_225,4.0,"콘텐츠 퀄리티 준수, 소통 원활",2025-05-04
RT_00158,CB_00158,BR_00091,CR_YT_102,4.1,"참여율 양호, 다음 캠페인 고려 중",2024-06-04
RT_00159,CB_00159,BR_00005,CR_YT_083,3.7,"콘텐츠 퀄리티 준수, 소통 원활",2024-09-23
RT_00160,CB_00160,BR_00064,CR_TK_110,3.6,"참여율 양호, 다음 캠페인 고려 중",2024-06-18
RT_00161,CB_00161,BR_00095,CR_TK_132,3.9,"참여율 양호, 다음 캠페인 고려 중",2025-03-08
RT_00162,CB_00162,BR_00065,CR_YT_007,4.7,"타깃 참여율 우수, 재협업 의향 있음",2024-09-27
RT_00163,CB_00163,BR_00056,CR_YT_246,3.8,"전반적 만족, 일정 준수 양호",2024-11-28
RT_00164,CB_00164,BR_00066,CR_YT_096,4.5,"브랜드 톤 완벽 일치, 콘텐츠 퀄리티 탁월",2024-10-16
RT_00165,CB_00165,BR_00055,CR_YT_102,4.6,"전환율 기대 이상, 강력 추천",2025-05-27
RT_00166,CB_00166,BR_00076,CR_TK_023,3.3,타깃 일치도 보통,2025-11-15
RT_00167,CB_00167,BR_00019,CR_YT_219,3.9,"전반적 만족, 일정 준수 양호",2024-04-29
RT_00168,CB_00168,BR_00090,CR_TK_025,4.7,"타깃 참여율 우수, 재협업 의향 있음",2024-09-29
RT_00169,CB_00169,BR_00039,CR_YT_057,4.4,"콘텐츠 퀄리티 준수, 소통 원활",2024-11-13
RT_00170,CB_00170,BR_00007,CR_YT_094,4.4,"전반적 만족, 일정 준수 양호",2024-03-02
RT_00171,CB_00171,BR_00078,CR_YT_052,4.0,"전반적 만족, 일정 준수 양호",2025-04-24
RT_00172,CB_00172,BR_00086,CR_YT_007,4.1,"전반적 만족, 일정 준수 양호",2025-08-25
RT_00173,CB_00173,BR_00068,CR_TK_010,4.1,"콘텐츠 퀄리티 준수, 소통 원활",2025-02-19
RT_00174,CB_00174,BR_00017,CR_TK_023,3.7,"전반적 만족, 일정 준수 양호",2025-10-01
RT_00175,CB_00175,BR_00025,CR_TK_061,4.3,"전반적 만족, 일정 준수 양호",2025-04-20
RT_00176,CB_00176,BR_00098,CR_YT_104,3.5,"전반적 만족, 일정 준수 양호",2025-08-13
RT_00177,CB_00177,BR_00098,CR_TK_137,3.0,타깃 일치도 보통,2025-08-31
RT_00178,CB_00178,BR_00009,CR_YT_248,3.6,"전반적 만족, 일정 준수 양호",2025-06-12
RT_00179,CB_00179,BR_00090,CR_TK_196,3.6,"콘텐츠 퀄리티 준수, 소통 원활",2024-06-15
RT_00180,CB_00180,BR_00095,CR_TK_118,4.1,"참여율 양호, 다음 캠페인 고려 중",2025-04-22
RT_00181,CB_00181,BR_00097,CR_YT_261,3.4,일정 지연 있었으나 결과물 양호,2025-05-06
RT_00182,CB_00182,BR_00021,CR_YT_293,3.1,기대 대비 전환 소폭 미흡,2024-11-12
RT_00183,CB_00183,BR_00091,CR_TK_069,4.4,"콘텐츠 퀄리티 준수, 소통 원활",2025-07-24
RT_00184,CB_00184,BR_00022,CR_YT_115,3.8,"콘텐츠 퀄리티 준수, 소통 원활",2024-05-19
RT_00185,CB_00185,BR_00018,CR_YT_139,3.1,기대 대비 전환 소폭 미흡,2024-04-06
RT_00186,CB_00186,BR_00081,CR_TK_010,5.0,"브랜드 톤 완벽 일치, 콘텐츠 퀄리티 탁월",2025-02-15
RT_00187,CB_00187,BR_00053,CR_TK_160,2.2,"타깃 불일치, 전환율 저조",2025-10-28
RT_00189,CB_00189,BR_00100,CR_YT_299,5.0,"브랜드 톤 완벽 일치, 콘텐츠 퀄리티 탁월",2024-06-30
RT_00190,CB_00190,BR_00027,CR_TK_119,4.4,"콘텐츠 퀄리티 준수, 소통 원활",2025-05-11
RT_00191,CB_00191,BR_00051,CR_YT_080,4.6,"타깃 참여율 우수, 재협업 의향 있음",2025-05-15
RT_00192,CB_00192,BR_00064,CR_YT_093,3.1,일정 지연 있었으나 결과물 양호,2025-05-23
RT_00193,CB_00193,BR_00024,CR_TK_032,3.9,"전반적 만족, 일정 준수 양호",2024-11-09
RT_00194,CB_00194,BR_00025,CR_YT_036,4.2,"참여율 양호, 다음 캠페인 고려 중",2024-06-16
RT_00195,CB_00195,BR_00093,CR_YT_270,3.5,"콘텐츠 퀄리티 준수, 소통 원활",2024-06-08
RT_00196,CB_00196,BR_00098,CR_TK_126,4.2,"콘텐츠 퀄리티 준수, 소통 원활",2025-11-15
RT_00197,CB_00197,BR_00077,CR_YT_007,4.1,"참여율 양호, 다음 캠페인 고려 중",2024-02-04
RT_00198,CB_00198,BR_00018,CR_YT_246,5.0,"타깃 참여율 우수, 재협업 의향 있음",2025-10-03
RT_00199,CB_00199,BR_00070,CR_TK_055,4.1,"참여율 양호, 다음 캠페인 고려 중",2025-01-09
RT_00200,CB_00200,BR_00066,CR_TK_154,4.5,"타깃 참여율 우수, 재협업 의향 있음",2025-04-08
RT_00201,CB_00201,BR_00046,CR_TK_036,3.8,"전반적 만족, 일정 준수 양호",2024-11-30
RT_00202,CB_00202,BR_00015,CR_YT_252,2.9,기대 대비 전환 소폭 미흡,2024-07-09
RT_00203,CB_00203,BR_00043,CR_YT_061,4.4,"전반적 만족, 일정 준수 양호",2025-01-31
RT_00204,CB_00204,BR_00077,CR_YT_093,3.3,기대 대비 전환 소폭 미흡,2025-04-19
RT_00205,CB_00205,BR_00014,CR_YT_139,3.5,"참여율 양호, 다음 캠페인 고려 중",2025-06-29
RT_00206,CB_00206,BR_00001,CR_TK_142,4.5,"브랜드 톤 완벽 일치, 콘텐츠 퀄리티 탁월",2024-07-08
RT_00207,CB_00207,BR_00062,CR_TK_118,3.7,"참여율 양호, 다음 캠페인 고려 중",2024-04-01
RT_00208,CB_00208,BR_00017,CR_YT_094,4.4,"전반적 만족, 일정 준수 양호",2025-03-09
RT_00209,CB_00209,BR_00082,CR_YT_171,3.8,"참여율 양호, 다음 캠페인 고려 중",2024-07-01
RT_00210,CB_00210,BR_00069,CR_TK_121,3.8,"참여율 양호, 다음 캠페인 고려 중",2024-10-30
RT_00211,CB_00211,BR_00096,CR_YT_113,4.6,"전환율 기대 이상, 강력 추천",2024-05-06
RT_00212,CB_00212,BR_00061,CR_TK_191,5.0,"브랜드 톤 완벽 일치, 콘텐츠 퀄리티 탁월",2024-06-08
RT_00213,CB_00213,BR_00018,CR_YT_151,4.6,"브랜드 톤 완벽 일치, 콘텐츠 퀄리티 탁월",2025-05-30
RT_00214,CB_00214,BR_00027,CR_TK_124,2.2,CPM 대비 성과 미흡,2024-09-03
RT_00215,CB_00215,BR_00094,CR_YT_014,3.5,"전반적 만족, 일정 준수 양호",2025-04-18
RT_00216,CB_00216,BR_00077,CR_TK_146,4.7,"브랜드 톤 완벽 일치, 콘텐츠 퀄리티 탁월",2024-07-05
RT_00217,CB_00217,BR_00054,CR_YT_077,3.7,"참여율 양호, 다음 캠페인 고려 중",2024-09-06
RT_00218,CB_00218,BR_00053,CR_TK_070,4.7,"브랜드 톤 완벽 일치, 콘텐츠 퀄리티 탁월",2025-02-20
RT_00219,CB_00219,BR_00083,CR_YT_017,2.4,"타깃 불일치, 전환율 저조",2025-10-13
RT_00220,CB_00220,BR_00059,CR_YT_284,3.3,기대 대비 전환 소폭 미흡,2024-12-24
RT_00222,CB_00222,BR_00096,CR_TK_200,3.6,"콘텐츠 퀄리티 준수, 소통 원활",2025-11-04
RT_00223,CB_00223,BR_00083,CR_YT_208,5.0,"전환율 기대 이상, 강력 추천",2025-03-08
RT_00224,CB_00224,BR_00014,CR_YT_040,4.9,"브랜드 톤 완벽 일치, 콘텐츠 퀄리티 탁월",2025-04-11
RT_00225,CB_00225,BR_00014,CR_YT_034,2.3,CPM 대비 성과 미흡,2024-11-12
RT_00226,CB_00226,BR_00005,CR_YT_124,4.3,"전반적 만족, 일정 준수 양호",2024-10-27
RT_00227,CB_00227,BR_00006,CR_YT_025,3.8,"콘텐츠 퀄리티 준수, 소통 원활",2024-12-08
RT_00228,CB_00228,BR_00051,CR_YT_257,4.0,"전반적 만족, 일정 준수 양호",2024-08-26
RT_00229,CB_00229,BR_00013,CR_YT_170,3.9,"전반적 만족, 일정 준수 양호",2025-06-04
RT_00230,CB_00230,BR_00049,CR_YT_245,3.0,타깃 일치도 보통,2025-09-15
RT_00231,CB_00231,BR_00012,CR_TK_188,4.1,"참여율 양호, 다음 캠페인 고려 중",2024-10-08
RT_00232,CB_00232,BR_00065,CR_YT_265,4.4,"콘텐츠 퀄리티 준수, 소통 원활",2025-12-27
RT_00233,CB_00233,BR_00047,CR_TK_020,4.5,"브랜드 톤 완벽 일치, 콘텐츠 퀄리티 탁월",2025-04-07
RT_00234,CB_00234,BR_00079,CR_TK_011,3.8,"전반적 만족, 일정 준수 양호",2024-04-19
RT_00235,CB_00235,BR_00099,CR_TK_146,4.1,"참여율 양호, 다음 캠페인 고려 중",2025-02-24
RT_00236,CB_00236,BR_00059,CR_YT_161,2.5,타깃 일치도 보통,2024-08-05
RT_00237,CB_00237,BR_00023,CR_TK_064,4.7,"전환율 기대 이상, 강력 추천",2025-05-22
RT_00238,CB_00238,BR_00018,CR_TK_182,2.6,일정 지연 있었으나 결과물 양호,2024-08-08
RT_00239,CB_00239,BR_00080,CR_TK_170,4.3,"전반적 만족, 일정 준수 양호",2024-07-20
RT_00240,CB_00240,BR_00088,CR_YT_212,4.5,"브랜드 톤 완벽 일치, 콘텐츠 퀄리티 탁월",2025-08-10
RT_00241,CB_00241,BR_00083,CR_YT_030,2.6,일정 지연 있었으나 결과물 양호,2024-12-13
RT_00242,CB_00242,BR_00052,CR_TK_138,4.4,"전반적 만족, 일정 준수 양호",2024-04-19
RT_00243,CB_00243,BR_00083,CR_YT_274,4.1,"전반적 만족, 일정 준수 양호",2025-05-19
RT_00244,CB_00244,BR_00099,CR_YT_222,4.3,"참여율 양호, 다음 캠페인 고려 중",2024-10-02
RT_00245,CB_00245,BR_00090,CR_TK_080,4.3,"참여율 양호, 다음 캠페인 고려 중",2025-05-22
RT_00246,CB_00246,BR_00082,CR_YT_110,4.5,"브랜드 톤 완벽 일치, 콘텐츠 퀄리티 탁월",2025-02-24
RT_00247,CB_00247,BR_00047,CR_TK_105,4.8,"전환율 기대 이상, 강력 추천",2025-05-24
RT_00248,CB_00248,BR_00055,CR_YT_139,3.4,일정 지연 있었으나 결과물 양호,2024-10-22
RT_00249,CB_00249,BR_00092,CR_YT_232,3.8,"콘텐츠 퀄리티 준수, 소통 원활",2025-06-14
RT_00250,CB_00250,BR_00055,CR_YT_176,3.8,"전반적 만족, 일정 준수 양호",2024-12-06
RT_00251,CB_00251,BR_00021,CR_TK_195,4.6,"전환율 기대 이상, 강력 추천",2025-04-28
RT_00252,CB_00252,BR_00077,CR_YT_102,4.6,"브랜드 톤 완벽 일치, 콘텐츠 퀄리티 탁월",2024-06-29
RT_00253,CB_00253,BR_00096,CR_TK_123,3.8,"참여율 양호, 다음 캠페인 고려 중",2024-12-12
RT_00254,CB_00254,BR_00015,CR_TK_106,3.3,기대 대비 전환 소폭 미흡,2025-04-01
RT_00255,CB_00255,BR_00017,CR_TK_025,4.3,"콘텐츠 퀄리티 준수, 소통 원활",2025-07-07
RT_00256,CB_00256,BR_00070,CR_TK_097,3.7,"참여율 양호, 다음 캠페인 고려 중",2024-09-20
RT_00257,CB_00257,BR_00074,CR_TK_190,4.4,"콘텐츠 퀄리티 준수, 소통 원활",2024-02-17
RT_00258,CB_00258,BR_00016,CR_TK_059,3.8,"참여율 양호, 다음 캠페인 고려 중",2025-07-31
RT_00259,CB_00259,BR_00098,CR_YT_172,3.3,기대 대비 전환 소폭 미흡,2024-06-01
RT_00260,CB_00260,BR_00056,CR_YT_196,4.5,"전환율 기대 이상, 강력 추천",2024-12-23
RT_00261,CB_00261,BR_00013,CR_YT_045,4.6,"전환율 기대 이상, 강력 추천",2024-05-12
RT_00262,CB_00262,BR_00097,CR_TK_020,3.9,"콘텐츠 퀄리티 준수, 소통 원활",2025-07-29
RT_00263,CB_00263,BR_00054,CR_YT_109,3.8,"전반적 만족, 일정 준수 양호",2024-10-20
RT_00264,CB_00264,BR_00045,CR_TK_196,3.8,"전반적 만족, 일정 준수 양호",2025-06-23
RT_00265,CB_00265,BR_00048,CR_TK_101,4.6,"전환율 기대 이상, 강력 추천",2024-11-26
RT_00266,CB_00266,BR_00054,CR_TK_045,4.5,"타깃 참여율 우수, 재협업 의향 있음",2024-09-29
RT_00267,CB_00267,BR_00048,CR_TK_131,3.2,기대 대비 전환 소폭 미흡,2025-09-19
RT_00268,CB_00268,BR_00072,CR_TK_199,4.4,"콘텐츠 퀄리티 준수, 소통 원활",2025-03-19
RT_00269,CB_00269,BR_00055,CR_YT_066,3.4,기대 대비 전환 소폭 미흡,2025-12-17
RT_00270,CB_00270,BR_00056,CR_YT_119,4.5,"전환율 기대 이상, 강력 추천",2024-05-17
RT_00271,CB_00271,BR_00081,CR_TK_170,3.6,"참여율 양호, 다음 캠페인 고려 중",2024-12-25
RT_00272,CB_00272,BR_00002,CR_TK_022,3.8,"전반적 만족, 일정 준수 양호",2025-10-11
RT_00273,CB_00273,BR_00049,CR_YT_013,4.1,"참여율 양호, 다음 캠페인 고려 중",2024-07-20
RT_00274,CB_00274,BR_00029,CR_YT_153,4.8,"타깃 참여율 우수, 재협업 의향 있음",2024-10-25
RT_00275,CB_00275,BR_00034,CR_TK_038,4.5,"전환율 기대 이상, 강력 추천",2024-04-03
RT_00276,CB_00276,BR_00014,CR_YT_057,4.1,"콘텐츠 퀄리티 준수, 소통 원활",2025-07-17
RT_00277,CB_00277,BR_00010,CR_YT_254,1.8,"타깃 불일치, 전환율 저조",2025-02-10
RT_00278,CB_00278,BR_00081,CR_YT_040,5.0,"타깃 참여율 우수, 재협업 의향 있음",2024-10-14
RT_00279,CB_00279,BR_00024,CR_YT_153,3.4,일정 지연 있었으나 결과물 양호,2024-02-14
RT_00280,CB_00280,BR_00044,CR_YT_178,4.3,"콘텐츠 퀄리티 준수, 소통 원활",2025-08-19
RT_00281,CB_00281,BR_00016,CR_YT_099,4.6,"타깃 참여율 우수, 재협업 의향 있음",2025-10-10
RT_00282,CB_00282,BR_00047,CR_YT_059,4.2,"참여율 양호, 다음 캠페인 고려 중",2024-09-06
RT_00283,CB_00283,BR_00035,CR_YT_141,4.5,"전환율 기대 이상, 강력 추천",2025-06-21
RT_00284,CB_00284,BR_00096,CR_TK_115,3.7,"콘텐츠 퀄리티 준수, 소통 원활",2025-07-25
RT_00285,CB_00285,BR_00088,CR_TK_134,5.0,"전환율 기대 이상, 강력 추천",2024-12-16
RT_00286,CB_00286,BR_00027,CR_TK_189,5.0,"브랜드 톤 완벽 일치, 콘텐츠 퀄리티 탁월",2025-07-19
RT_00287,CB_00287,BR_00080,CR_YT_056,4.0,"콘텐츠 퀄리티 준수, 소통 원활",2025-11-20
RT_00288,CB_00288,BR_00009,CR_YT_231,3.1,기대 대비 전환 소폭 미흡,2024-07-08
RT_00289,CB_00289,BR_00083,CR_TK_187,2.6,기대 대비 전환 소폭 미흡,2025-07-31
RT_00290,CB_00290,BR_00024,CR_YT_184,5.0,"브랜드 톤 완벽 일치, 콘텐츠 퀄리티 탁월",2024-10-04
RT_00291,CB_00291,BR_00002,CR_YT_164,3.4,타깃 일치도 보통,2024-02-18
RT_00292,CB_00292,BR_00009,CR_YT_198,2.8,일정 지연 있었으나 결과물 양호,2025-01-26
RT_00293,CB_00293,BR_00086,CR_YT_039,3.8,"전반적 만족, 일정 준수 양호",2025-10-21
RT_00294,CB_00294,BR_00007,CR_TK_111,3.6,"참여율 양호, 다음 캠페인 고려 중",2025-07-25
RT_00295,CB_00295,BR_00077,CR_YT_168,3.8,"콘텐츠 퀄리티 준수, 소통 원활",2025-11-01
RT_00296,CB_00296,BR_00074,CR_YT_003,5.0,"브랜드 톤 완벽 일치, 콘텐츠 퀄리티 탁월",2025-05-29
RT_00297,CB_00297,BR_00068,CR_YT_021,4.1,"전반적 만족, 일정 준수 양호",2024-12-31
RT_00298,CB_00298,BR_00036,CR_YT_163,3.7,"참여율 양호, 다음 캠페인 고려 중",2025-02-26
RT_00299,CB_00299,BR_00039,CR_TK_057,3.5,"전반적 만족, 일정 준수 양호",2025-06-16
RT_00300,CB_00300,BR_00080,CR_YT_053,4.5,"브랜드 톤 완벽 일치, 콘텐츠 퀄리티 탁월",2024-03-14
RT_00301,CB_00301,BR_00089,CR_TK_071,5.0,"전환율 기대 이상, 강력 추천",2025-04-26
RT_00302,CB_00302,BR_00069,CR_YT_003,4.3,"참여율 양호, 다음 캠페인 고려 중",2024-04-07
RT_00303,CB_00303,BR_00034,CR_YT_169,3.2,일정 지연 있었으나 결과물 양호,2025-12-01
RT_00304,CB_00304,BR_00017,CR_YT_164,2.9,일정 지연 있었으나 결과물 양호,2024-09-04
RT_00306,CB_00306,BR_00094,CR_YT_248,3.3,타깃 일치도 보통,2024-09-05
RT_00307,CB_00307,BR_00032,CR_TK_038,3.8,"전반적 만족, 일정 준수 양호",2025-11-27
RT_00308,CB_00308,BR_00086,CR_YT_111,4.1,"참여율 양호, 다음 캠페인 고려 중",2025-06-26
RT_00309,CB_00309,BR_00041,CR_TK_090,4.2,"전반적 만족, 일정 준수 양호",2025-01-17
RT_00310,CB_00310,BR_00047,CR_YT_198,3.3,기대 대비 전환 소폭 미흡,2025-07-15
RT_00311,CB_00311,BR_00022,CR_TK_052,4.6,"브랜드 톤 완벽 일치, 콘텐츠 퀄리티 탁월",2025-02-12
RT_00312,CB_00312,BR_00031,CR_YT_009,3.1,기대 대비 전환 소폭 미흡,2025-05-25
RT_00313,CB_00313,BR_00016,CR_TK_175,3.0,일정 지연 있었으나 결과물 양호,2025-08-04
RT_00315,CB_00315,BR_00025,CR_YT_151,3.6,"전반적 만족, 일정 준수 양호",2024-09-16
RT_00316,CB_00316,BR_00014,CR_TK_049,2.9,일정 지연 있었으나 결과물 양호,2024-03-30
RT_00317,CB_00317,BR_00035,CR_YT_123,3.7,"참여율 양호, 다음 캠페인 고려 중",2024-06-17
RT_00318,CB_00318,BR_00051,CR_YT_202,4.3,"참여율 양호, 다음 캠페인 고려 중",2024-05-25
RT_00319,CB_00319,BR_00027,CR_YT_178,3.6,"콘텐츠 퀄리티 준수, 소통 원활",2025-11-23
RT_00320,CB_00320,BR_00090,CR_TK_019,3.9,"콘텐츠 퀄리티 준수, 소통 원활",2025-06-15
RT_00321,CB_00321,BR_00022,CR_YT_096,4.7,"브랜드 톤 완벽 일치, 콘텐츠 퀄리티 탁월",2025-02-10
RT_00322,CB_00322,BR_00023,CR_TK_199,5.0,"전환율 기대 이상, 강력 추천",2024-10-18
RT_00323,CB_00323,BR_00061,CR_YT_299,5.0,"타깃 참여율 우수, 재협업 의향 있음",2024-03-06
RT_00324,CB_00324,BR_00088,CR_YT_149,3.6,"콘텐츠 퀄리티 준수, 소통 원활",2024-11-22
RT_00325,CB_00325,BR_00095,CR_YT_172,4.3,"참여율 양호, 다음 캠페인 고려 중",2025-06-13
RT_00326,CB_00326,BR_00047,CR_YT_235,2.5,기대 대비 전환 소폭 미흡,2024-02-23
RT_00327,CB_00327,BR_00077,CR_YT_248,4.0,"콘텐츠 퀄리티 준수, 소통 원활",2024-06-08
RT_00328,CB_00328,BR_00029,CR_TK_038,4.3,"전반적 만족, 일정 준수 양호",2024-07-03
RT_00329,CB_00329,BR_00047,CR_YT_106,3.4,기대 대비 전환 소폭 미흡,2024-05-14
RT_00330,CB_00330,BR_00081,CR_TK_048,3.3,타깃 일치도 보통,2025-09-13
RT_00331,CB_00331,BR_00045,CR_TK_155,3.4,타깃 일치도 보통,2025-02-11
RT_00332,CB_00332,BR_00075,CR_YT_267,4.0,"콘텐츠 퀄리티 준수, 소통 원활",2025-03-20
RT_00333,CB_00333,BR_00045,CR_YT_148,4.2,"전반적 만족, 일정 준수 양호",2024-05-17
RT_00334,CB_00334,BR_00038,CR_TK_020,4.0,"콘텐츠 퀄리티 준수, 소통 원활",2025-09-05
RT_00335,CB_00335,BR_00006,CR_YT_112,4.1,"참여율 양호, 다음 캠페인 고려 중",2025-01-21
RT_00336,CB_00336,BR_00001,CR_YT_026,4.5,"타깃 참여율 우수, 재협업 의향 있음",2024-10-28
RT_00337,CB_00337,BR_00099,CR_YT_288,5.0,"전환율 기대 이상, 강력 추천",2024-07-03
RT_00338,CB_00338,BR_00011,CR_YT_149,4.6,"전환율 기대 이상, 강력 추천",2024-09-07
RT_00339,CB_00339,BR_00055,CR_YT_205,5.0,"브랜드 톤 완벽 일치, 콘텐츠 퀄리티 탁월",2024-05-23
RT_00340,CB_00340,BR_00042,CR_TK_112,3.1,타깃 일치도 보통,2025-09-26
RT_00341,CB_00341,BR_00039,CR_YT_157,4.3,"콘텐츠 퀄리티 준수, 소통 원활",2024-05-04
RT_00342,CB_00342,BR_00056,CR_YT_050,3.7,"콘텐츠 퀄리티 준수, 소통 원활",2024-08-31
RT_00343,CB_00343,BR_00060,CR_YT_182,4.7,"브랜드 톤 완벽 일치, 콘텐츠 퀄리티 탁월",2025-05-26
RT_00344,CB_00344,BR_00099,CR_YT_216,4.6,"전환율 기대 이상, 강력 추천",2024-05-04
RT_00345,CB_00345,BR_00017,CR_TK_018,4.9,"전환율 기대 이상, 강력 추천",2025-10-13
RT_00346,CB_00346,BR_00086,CR_YT_004,4.4,"참여율 양호, 다음 캠페인 고려 중",2025-07-29
RT_00347,CB_00347,BR_00084,CR_YT_055,4.2,"콘텐츠 퀄리티 준수, 소통 원활",2025-03-13
RT_00348,CB_00348,BR_00008,CR_YT_063,3.2,타깃 일치도 보통,2025-11-23
RT_00349,CB_00349,BR_00095,CR_TK_196,3.0,타깃 일치도 보통,2025-06-28
RT_00350,CB_00350,BR_00040,CR_TK_069,4.1,"전반적 만족, 일정 준수 양호",2024-03-12
RT_00351,CB_00351,BR_00016,CR_YT_267,4.7,"타깃 참여율 우수, 재협업 의향 있음",2024-05-14
RT_00352,CB_00352,BR_00008,CR_TK_175,4.1,"전반적 만족, 일정 준수 양호",2024-06-10
RT_00353,CB_00353,BR_00070,CR_YT_134,5.0,"전환율 기대 이상, 강력 추천",2025-11-27
RT_00354,CB_00354,BR_00024,CR_YT_073,3.8,"전반적 만족, 일정 준수 양호",2024-10-12
RT_00355,CB_00355,BR_00038,CR_TK_042,4.5,"타깃 참여율 우수, 재협업 의향 있음",2024-07-22
RT_00356,CB_00356,BR_00014,CR_YT_238,4.8,"전환율 기대 이상, 강력 추천",2025-05-14
RT_00358,CB_00358,BR_00093,CR_YT_235,3.0,기대 대비 전환 소폭 미흡,2024-11-07
RT_00359,CB_00359,BR_00045,CR_TK_163,4.1,"콘텐츠 퀄리티 준수, 소통 원활",2025-09-03
RT_00360,CB_00360,BR_00073,CR_YT_174,3.1,타깃 일치도 보통,2025-05-21
RT_00361,CB_00361,BR_00083,CR_YT_248,3.1,타깃 일치도 보통,2025-04-02
RT_00362,CB_00362,BR_00085,CR_YT_270,4.7,"브랜드 톤 완벽 일치, 콘텐츠 퀄리티 탁월",2024-10-28
RT_00363,CB_00363,BR_00052,CR_YT_035,3.8,"콘텐츠 퀄리티 준수, 소통 원활",2024-03-06
RT_00364,CB_00364,BR_00087,CR_YT_244,4.0,"콘텐츠 퀄리티 준수, 소통 원활",2024-12-30
RT_00365,CB_00365,BR_00023,CR_TK_073,4.4,"참여율 양호, 다음 캠페인 고려 중",2025-04-01
RT_00366,CB_00366,BR_00096,CR_YT_038,5.0,"전환율 기대 이상, 강력 추천",2025-05-10
RT_00367,CB_00367,BR_00090,CR_YT_231,3.0,기대 대비 전환 소폭 미흡,2025-03-06
RT_00368,CB_00368,BR_00057,CR_TK_048,3.6,"참여율 양호, 다음 캠페인 고려 중",2024-11-26
RT_00369,CB_00369,BR_00025,CR_YT_045,3.3,기대 대비 전환 소폭 미흡,2025-09-11
RT_00370,CB_00370,BR_00001,CR_YT_185,4.4,"참여율 양호, 다음 캠페인 고려 중",2025-06-02
RT_00371,CB_00371,BR_00094,CR_TK_029,5.0,"전환율 기대 이상, 강력 추천",2025-09-05
RT_00372,CB_00372,BR_00046,CR_TK_017,3.8,"콘텐츠 퀄리티 준수, 소통 원활",2025-09-03
RT_00374,CB_00374,BR_00043,CR_YT_012,3.0,기대 대비 전환 소폭 미흡,2024-09-19
RT_00375,CB_00375,BR_00021,CR_TK_196,3.4,일정 지연 있었으나 결과물 양호,2024-11-08
RT_00376,CB_00376,BR_00040,CR_YT_205,5.0,"브랜드 톤 완벽 일치, 콘텐츠 퀄리티 탁월",2025-10-14
RT_00377,CB_00377,BR_00034,CR_TK_035,4.6,"브랜드 톤 완벽 일치, 콘텐츠 퀄리티 탁월",2024-02-22
RT_00379,CB_00379,BR_00010,CR_TK_113,4.3,"참여율 양호, 다음 캠페인 고려 중",2025-11-07
RT_00380,CB_00380,BR_00054,CR_TK_007,4.8,"타깃 참여율 우수, 재협업 의향 있음",2025-10-15
RT_00381,CB_00381,BR_00014,CR_YT_019,4.9,"전환율 기대 이상, 강력 추천",2025-09-01
RT_00382,CB_00382,BR_00030,CR_YT_011,3.9,"전반적 만족, 일정 준수 양호",2024-03-14
RT_00383,CB_00383,BR_00088,CR_TK_051,4.8,"타깃 참여율 우수, 재협업 의향 있음",2024-04-28
RT_00384,CB_00384,BR_00090,CR_YT_219,5.0,"타깃 참여율 우수, 재협업 의향 있음",2025-08-18
RT_00385,CB_00385,BR_00046,CR_YT_100,4.1,"콘텐츠 퀄리티 준수, 소통 원활",2025-02-24
RT_00386,CB_00386,BR_00053,CR_TK_083,4.3,"참여율 양호, 다음 캠페인 고려 중",2025-10-05
RT_00387,CB_00387,BR_00008,CR_YT_040,5.0,"타깃 참여율 우수, 재협업 의향 있음",2024-04-07
RT_00388,CB_00388,BR_00032,CR_YT_150,3.0,기대 대비 전환 소폭 미흡,2024-08-14
RT_00389,CB_00389,BR_00070,CR_YT_106,4.4,"콘텐츠 퀄리티 준수, 소통 원활",2025-06-28
RT_00390,CB_00390,BR_00047,CR_TK_100,4.4,"전반적 만족, 일정 준수 양호",2025-08-20
RT_00391,CB_00391,BR_00070,CR_YT_258,3.5,"참여율 양호, 다음 캠페인 고려 중",2024-05-11
RT_00393,CB_00393,BR_00019,CR_YT_019,3.8,"콘텐츠 퀄리티 준수, 소통 원활",2024-11-08
RT_00394,CB_00394,BR_00005,CR_YT_139,3.0,타깃 일치도 보통,2025-01-17
RT_00395,CB_00395,BR_00079,CR_YT_197,2.1,CPM 대비 성과 미흡,2025-06-10
RT_00396,CB_00396,BR_00024,CR_TK_038,4.3,"콘텐츠 퀄리티 준수, 소통 원활",2025-06-21
RT_00397,CB_00397,BR_00004,CR_TK_166,4.3,"참여율 양호, 다음 캠페인 고려 중",2025-10-28
RT_00398,CB_00398,BR_00097,CR_YT_015,3.5,"전반적 만족, 일정 준수 양호",2025-03-18
RT_00399,CB_00399,BR_00008,CR_TK_114,3.5,"전반적 만족, 일정 준수 양호",2024-08-02
RT_00400,CB_00400,BR_00069,CR_YT_238,4.5,"타깃 참여율 우수, 재협업 의향 있음",2025-06-18
RT_00401,CB_00401,BR_00060,CR_TK_082,4.6,"브랜드 톤 완벽 일치, 콘텐츠 퀄리티 탁월",2024-10-07
RT_00402,CB_00402,BR_00032,CR_TK_095,4.1,"전반적 만족, 일정 준수 양호",2025-08-22
RT_00403,CB_00403,BR_00085,CR_YT_129,4.1,"전반적 만족, 일정 준수 양호",2026-02-11
RT_00404,CB_00404,BR_00023,CR_YT_228,3.7,"참여율 양호, 다음 캠페인 고려 중",2025-05-15
RT_00405,CB_00405,BR_00072,CR_YT_112,3.2,기대 대비 전환 소폭 미흡,2025-03-16
RT_00406,CB_00406,BR_00009,CR_YT_226,2.8,기대 대비 전환 소폭 미흡,2024-08-16
RT_00407,CB_00407,BR_00081,CR_YT_090,4.7,"브랜드 톤 완벽 일치, 콘텐츠 퀄리티 탁월",2024-09-10
RT_00408,CB_00408,BR_00065,CR_TK_141,4.8,"전환율 기대 이상, 강력 추천",2025-06-27
RT_00409,CB_00409,BR_00034,CR_TK_200,5.0,"브랜드 톤 완벽 일치, 콘텐츠 퀄리티 탁월",2024-10-18
RT_00410,CB_00410,BR_00077,CR_YT_121,5.0,"타깃 참여율 우수, 재협업 의향 있음",2025-01-14
RT_00411,CB_00411,BR_00042,CR_YT_293,3.1,타깃 일치도 보통,2025-03-29
RT_00412,CB_00412,BR_00078,CR_TK_104,3.3,기대 대비 전환 소폭 미흡,2025-02-08
RT_00413,CB_00413,BR_00038,CR_TK_019,3.5,"참여율 양호, 다음 캠페인 고려 중",2024-03-08
RT_00414,CB_00414,BR_00014,CR_TK_012,3.3,기대 대비 전환 소폭 미흡,2024-09-11
RT_00415,CB_00415,BR_00045,CR_TK_182,3.0,기대 대비 전환 소폭 미흡,2024-10-13
RT_00416,CB_00416,BR_00084,CR_YT_041,3.7,"참여율 양호, 다음 캠페인 고려 중",2024-04-23
RT_00417,CB_00417,BR_00069,CR_TK_076,3.6,"전반적 만족, 일정 준수 양호",2024-08-12
RT_00418,CB_00418,BR_00041,CR_YT_138,4.2,"전반적 만족, 일정 준수 양호",2024-10-29
RT_00419,CB_00419,BR_00047,CR_YT_119,4.0,"콘텐츠 퀄리티 준수, 소통 원활",2025-05-16
RT_00420,CB_00420,BR_00053,CR_YT_186,3.6,"전반적 만족, 일정 준수 양호",2024-04-27
RT_00421,CB_00421,BR_00030,CR_YT_230,4.8,"타깃 참여율 우수, 재협업 의향 있음",2025-04-14
RT_00422,CB_00422,BR_00100,CR_TK_166,4.4,"참여율 양호, 다음 캠페인 고려 중",2025-05-27
RT_00423,CB_00423,BR_00016,CR_YT_042,3.3,타깃 일치도 보통,2025-05-05
RT_00424,CB_00424,BR_00026,CR_TK_161,4.8,"전환율 기대 이상, 강력 추천",2024-09-05
RT_00425,CB_00425,BR_00061,CR_TK_081,3.6,"참여율 양호, 다음 캠페인 고려 중",2024-05-17
RT_00426,CB_00426,BR_00010,CR_YT_068,5.0,"브랜드 톤 완벽 일치, 콘텐츠 퀄리티 탁월",2025-09-16
RT_00427,CB_00427,BR_00072,CR_YT_124,3.4,타깃 일치도 보통,2024-11-13
RT_00428,CB_00428,BR_00014,CR_TK_070,4.6,"타깃 참여율 우수, 재협업 의향 있음",2024-03-13
RT_00429,CB_00429,BR_00058,CR_TK_080,3.7,"전반적 만족, 일정 준수 양호",2025-04-30
RT_00430,CB_00430,BR_00076,CR_TK_170,4.0,"전반적 만족, 일정 준수 양호",2025-06-23
RT_00431,CB_00431,BR_00059,CR_YT_195,3.1,일정 지연 있었으나 결과물 양호,2025-01-26
RT_00432,CB_00432,BR_00030,CR_YT_153,3.6,"전반적 만족, 일정 준수 양호",2025-07-02
RT_00433,CB_00433,BR_00055,CR_YT_147,3.4,기대 대비 전환 소폭 미흡,2025-02-03
RT_00434,CB_00434,BR_00095,CR_TK_152,4.5,"타깃 참여율 우수, 재협업 의향 있음",2024-10-07
RT_00435,CB_00435,BR_00037,CR_YT_085,4.0,"콘텐츠 퀄리티 준수, 소통 원활",2024-06-10
RT_00436,CB_00436,BR_00034,CR_TK_011,4.2,"전반적 만족, 일정 준수 양호",2024-05-23
RT_00437,CB_00437,BR_00097,CR_YT_087,2.7,기대 대비 전환 소폭 미흡,2024-05-11
RT_00438,CB_00438,BR_00001,CR_YT_251,3.9,"참여율 양호, 다음 캠페인 고려 중",2024-03-09
RT_00439,CB_00439,BR_00067,CR_YT_065,3.9,"전반적 만족, 일정 준수 양호",2025-05-13
RT_00440,CB_00440,BR_00056,CR_YT_253,4.5,"전환율 기대 이상, 강력 추천",2024-10-21
RT_00441,CB_00441,BR_00046,CR_TK_112,3.9,"참여율 양호, 다음 캠페인 고려 중",2024-04-25
RT_00442,CB_00442,BR_00081,CR_TK_077,4.4,"참여율 양호, 다음 캠페인 고려 중",2025-07-07
RT_00443,CB_00443,BR_00091,CR_TK_107,5.0,"브랜드 톤 완벽 일치, 콘텐츠 퀄리티 탁월",2025-07-30
RT_00444,CB_00444,BR_00082,CR_TK_022,3.6,"전반적 만족, 일정 준수 양호",2024-02-17
RT_00445,CB_00445,BR_00034,CR_YT_241,4.3,"전반적 만족, 일정 준수 양호",2024-08-14
RT_00446,CB_00446,BR_00012,CR_TK_187,2.5,기대 대비 전환 소폭 미흡,2025-07-23
RT_00447,CB_00447,BR_00023,CR_YT_020,3.9,"콘텐츠 퀄리티 준수, 소통 원활",2025-04-11
RT_00448,CB_00448,BR_00068,CR_TK_037,3.6,"참여율 양호, 다음 캠페인 고려 중",2024-08-08
RT_00449,CB_00449,BR_00081,CR_YT_201,4.4,"참여율 양호, 다음 캠페인 고려 중",2025-10-18
RT_00450,CB_00450,BR_00097,CR_TK_092,3.3,타깃 일치도 보통,2025-01-01
RT_00451,CB_00451,BR_00060,CR_TK_190,4.8,"브랜드 톤 완벽 일치, 콘텐츠 퀄리티 탁월",2024-12-15
RT_00452,CB_00452,BR_00063,CR_TK_008,4.6,"타깃 참여율 우수, 재협업 의향 있음",2025-04-06
RT_00453,CB_00453,BR_00053,CR_YT_032,3.9,"전반적 만족, 일정 준수 양호",2025-09-06
RT_00454,CB_00454,BR_00052,CR_YT_134,5.0,"전환율 기대 이상, 강력 추천",2024-04-01
RT_00455,CB_00455,BR_00058,CR_YT_210,4.8,"브랜드 톤 완벽 일치, 콘텐츠 퀄리티 탁월",2024-11-17
RT_00456,CB_00456,BR_00079,CR_TK_013,5.0,"타깃 참여율 우수, 재협업 의향 있음",2025-01-10
RT_00457,CB_00457,BR_00012,CR_TK_100,4.3,"참여율 양호, 다음 캠페인 고려 중",2025-01-17
RT_00458,CB_00458,BR_00047,CR_YT_275,3.7,"콘텐츠 퀄리티 준수, 소통 원활",2024-08-26
RT_00459,CB_00459,BR_00021,CR_TK_167,3.2,타깃 일치도 보통,2025-02-24
RT_00460,CB_00460,BR_00003,CR_TK_087,3.5,"전반적 만족, 일정 준수 양호",2025-07-11
RT_00461,CB_00461,BR_00004,CR_YT_118,4.6,"브랜드 톤 완벽 일치, 콘텐츠 퀄리티 탁월",2025-11-20
RT_00462,CB_00462,BR_00052,CR_YT_068,4.1,"참여율 양호, 다음 캠페인 고려 중",2024-10-28
RT_00463,CB_00463,BR_00003,CR_YT_008,3.9,"전반적 만족, 일정 준수 양호",2025-10-19
RT_00464,CB_00464,BR_00078,CR_TK_140,4.2,"콘텐츠 퀄리티 준수, 소통 원활",2024-12-20
RT_00465,CB_00465,BR_00013,CR_YT_136,4.0,"콘텐츠 퀄리티 준수, 소통 원활",2025-10-25
RT_00466,CB_00466,BR_00036,CR_YT_248,3.8,"전반적 만족, 일정 준수 양호",2025-01-20
RT_00467,CB_00467,BR_00048,CR_TK_091,4.9,"타깃 참여율 우수, 재협업 의향 있음",2025-08-04
RT_00468,CB_00468,BR_00058,CR_YT_190,4.3,"참여율 양호, 다음 캠페인 고려 중",2025-08-13
RT_00469,CB_00469,BR_00011,CR_YT_049,4.6,"브랜드 톤 완벽 일치, 콘텐츠 퀄리티 탁월",2025-09-08
RT_00470,CB_00470,BR_00052,CR_TK_016,4.3,"콘텐츠 퀄리티 준수, 소통 원활",2025-08-04
RT_00471,CB_00471,BR_00033,CR_YT_211,4.1,"콘텐츠 퀄리티 준수, 소통 원활",2024-12-26
RT_00472,CB_00472,BR_00001,CR_YT_138,5.0,"브랜드 톤 완벽 일치, 콘텐츠 퀄리티 탁월",2024-11-03
RT_00473,CB_00473,BR_00042,CR_YT_237,4.3,"전반적 만족, 일정 준수 양호",2025-08-10
RT_00474,CB_00474,BR_00055,CR_TK_059,3.6,"전반적 만족, 일정 준수 양호",2024-05-31
RT_00475,CB_00475,BR_00026,CR_YT_225,4.4,"전반적 만족, 일정 준수 양호",2024-05-23
RT_00476,CB_00476,BR_00018,CR_TK_084,4.7,"전환율 기대 이상, 강력 추천",2025-09-26
RT_00477,CB_00477,BR_00087,CR_YT_139,3.9,"콘텐츠 퀄리티 준수, 소통 원활",2025-07-26
RT_00478,CB_00478,BR_00067,CR_TK_051,4.3,"참여율 양호, 다음 캠페인 고려 중",2024-11-08
RT_00479,CB_00479,BR_00027,CR_TK_180,3.3,타깃 일치도 보통,2025-01-11
RT_00481,CB_00481,BR_00013,CR_YT_276,4.1,"전반적 만족, 일정 준수 양호",2025-05-27
RT_00482,CB_00482,BR_00082,CR_YT_287,3.7,"참여율 양호, 다음 캠페인 고려 중",2024-09-28
RT_00483,CB_00483,BR_00055,CR_YT_300,4.7,"브랜드 톤 완벽 일치, 콘텐츠 퀄리티 탁월",2024-12-19
RT_00484,CB_00484,BR_00085,CR_YT_104,3.8,"전반적 만족, 일정 준수 양호",2024-07-02
RT_00485,CB_00485,BR_00014,CR_YT_065,4.1,"전반적 만족, 일정 준수 양호",2025-09-24
RT_00486,CB_00486,BR_00078,CR_YT_142,5.0,"타깃 참여율 우수, 재협업 의향 있음",2025-12-02
RT_00487,CB_00487,BR_00079,CR_YT_076,4.0,"참여율 양호, 다음 캠페인 고려 중",2024-07-05
RT_00488,CB_00488,BR_00018,CR_YT_262,2.7,타깃 일치도 보통,2025-05-30
RT_00489,CB_00489,BR_00072,CR_YT_202,3.4,타깃 일치도 보통,2025-04-01
RT_00490,CB_00490,BR_00011,CR_TK_153,3.9,"전반적 만족, 일정 준수 양호",2025-10-23
RT_00491,CB_00491,BR_00056,CR_YT_287,3.7,"콘텐츠 퀄리티 준수, 소통 원활",2025-06-09
RT_00492,CB_00492,BR_00084,CR_YT_179,4.6,"전환율 기대 이상, 강력 추천",2024-07-27
RT_00493,CB_00493,BR_00055,CR_YT_110,3.9,"참여율 양호, 다음 캠페인 고려 중",2026-01-02
RT_00494,CB_00494,BR_00096,CR_YT_006,3.3,타깃 일치도 보통,2024-09-29
RT_00495,CB_00495,BR_00048,CR_TK_169,4.9,"브랜드 톤 완벽 일치, 콘텐츠 퀄리티 탁월",2024-12-25
RT_00496,CB_00496,BR_00062,CR_YT_204,3.7,"전반적 만족, 일정 준수 양호",2024-03-20
RT_00497,CB_00497,BR_00092,CR_TK_175,3.3,타깃 일치도 보통,2025-08-01
RT_00498,CB_00498,BR_00097,CR_YT_280,4.3,"콘텐츠 퀄리티 준수, 소통 원활",2024-05-03
RT_00499,CB_00499,BR_00023,CR_TK_146,5.0,"브랜드 톤 완벽 일치, 콘텐츠 퀄리티 탁월",2024-06-05
RT_00500,CB_00500,BR_00008,CR_YT_161,3.4,기대 대비 전환 소폭 미흡,2024-07-17
RT_00501,CB_00501,BR_00043,CR_TK_129,4.4,"콘텐츠 퀄리티 준수, 소통 원활",2025-01-02
RT_00502,CB_00502,BR_00086,CR_YT_207,5.0,"전환율 기대 이상, 강력 추천",2025-03-19
RT_00503,CB_00503,BR_00011,CR_YT_089,4.2,"전반적 만족, 일정 준수 양호",2025-04-26
RT_00504,CB_00504,BR_00096,CR_TK_132,4.1,"참여율 양호, 다음 캠페인 고려 중",2024-02-12
RT_00505,CB_00505,BR_00090,CR_YT_045,3.8,"콘텐츠 퀄리티 준수, 소통 원활",2025-10-09
RT_00506,CB_00506,BR_00041,CR_TK_003,4.2,"콘텐츠 퀄리티 준수, 소통 원활",2025-10-20
RT_00507,CB_00507,BR_00011,CR_TK_150,3.5,"전반적 만족, 일정 준수 양호",2024-10-14
RT_00508,CB_00508,BR_00097,CR_TK_078,4.0,"콘텐츠 퀄리티 준수, 소통 원활",2024-06-19
RT_00509,CB_00509,BR_00041,CR_YT_212,5.0,"전환율 기대 이상, 강력 추천",2024-09-26
RT_00510,CB_00510,BR_00057,CR_YT_136,3.2,기대 대비 전환 소폭 미흡,2024-06-14
RT_00511,CB_00511,BR_00081,CR_TK_052,4.6,"브랜드 톤 완벽 일치, 콘텐츠 퀄리티 탁월",2024-07-16
RT_00512,CB_00512,BR_00090,CR_YT_223,3.2,일정 지연 있었으나 결과물 양호,2025-02-01
RT_00513,CB_00513,BR_00035,CR_YT_047,3.7,"콘텐츠 퀄리티 준수, 소통 원활",2025-07-15
RT_00514,CB_00514,BR_00085,CR_TK_024,4.0,"전반적 만족, 일정 준수 양호",2024-09-20
RT_00515,CB_00515,BR_00076,CR_TK_162,4.0,"콘텐츠 퀄리티 준수, 소통 원활",2024-03-12
RT_00516,CB_00516,BR_00054,CR_YT_244,4.2,"전반적 만족, 일정 준수 양호",2025-01-13
RT_00517,CB_00517,BR_00060,CR_YT_280,4.4,"콘텐츠 퀄리티 준수, 소통 원활",2024-07-27
RT_00518,CB_00518,BR_00094,CR_YT_205,4.5,"타깃 참여율 우수, 재협업 의향 있음",2025-06-05
RT_00519,CB_00519,BR_00039,CR_YT_021,3.4,타깃 일치도 보통,2024-12-03
RT_00520,CB_00520,BR_00076,CR_YT_015,3.1,일정 지연 있었으나 결과물 양호,2024-09-28
RT_00521,CB_00521,BR_00068,CR_YT_102,5.0,"전환율 기대 이상, 강력 추천",2025-09-08
RT_00522,CB_00522,BR_00040,CR_TK_106,3.6,"참여율 양호, 다음 캠페인 고려 중",2024-07-02
RT_00523,CB_00523,BR_00023,CR_YT_155,3.2,타깃 일치도 보통,2024-11-29
RT_00524,CB_00524,BR_00020,CR_TK_051,4.1,"콘텐츠 퀄리티 준수, 소통 원활",2025-08-27
RT_00525,CB_00525,BR_00051,CR_TK_058,4.1,"전반적 만족, 일정 준수 양호",2024-10-12
RT_00526,CB_00526,BR_00013,CR_YT_199,3.8,"콘텐츠 퀄리티 준수, 소통 원활",2024-06-18
RT_00527,CB_00527,BR_00087,CR_TK_074,2.6,타깃 일치도 보통,2025-06-12
RT_00528,CB_00528,BR_00076,CR_YT_014,3.7,"참여율 양호, 다음 캠페인 고려 중",2024-11-21
RT_00529,CB_00529,BR_00001,CR_TK_013,4.4,"콘텐츠 퀄리티 준수, 소통 원활",2025-11-14
RT_00530,CB_00530,BR_00028,CR_YT_155,3.8,"참여율 양호, 다음 캠페인 고려 중",2025-04-15
RT_00531,CB_00531,BR_00050,CR_TK_046,4.3,"콘텐츠 퀄리티 준수, 소통 원활",2025-05-29
RT_00532,CB_00532,BR_00067,CR_TK_128,4.2,"콘텐츠 퀄리티 준수, 소통 원활",2024-06-24
RT_00533,CB_00533,BR_00052,CR_TK_112,3.8,"전반적 만족, 일정 준수 양호",2024-02-15
RT_00534,CB_00534,BR_00063,CR_TK_035,3.7,"콘텐츠 퀄리티 준수, 소통 원활",2025-04-28
RT_00535,CB_00535,BR_00078,CR_TK_114,2.5,타깃 일치도 보통,2025-07-16
RT_00536,CB_00536,BR_00047,CR_YT_058,4.3,"전반적 만족, 일정 준수 양호",2024-09-04
RT_00537,CB_00537,BR_00044,CR_TK_186,3.5,"콘텐츠 퀄리티 준수, 소통 원활",2025-10-06
RT_00538,CB_00538,BR_00007,CR_YT_238,4.3,"전반적 만족, 일정 준수 양호",2024-11-09
RT_00539,CB_00539,BR_00088,CR_YT_190,4.7,"전환율 기대 이상, 강력 추천",2024-11-26
RT_00540,CB_00540,BR_00023,CR_YT_151,3.8,"전반적 만족, 일정 준수 양호",2025-03-05
RT_00542,CB_00542,BR_00094,CR_YT_075,4.3,"참여율 양호, 다음 캠페인 고려 중",2025-12-16
RT_00543,CB_00543,BR_00032,CR_TK_171,3.0,일정 지연 있었으나 결과물 양호,2025-09-26
RT_00544,CB_00544,BR_00093,CR_TK_027,3.4,기대 대비 전환 소폭 미흡,2024-06-26
RT_00545,CB_00545,BR_00039,CR_YT_217,3.1,타깃 일치도 보통,2025-03-06
RT_00546,CB_00546,BR_00011,CR_TK_129,4.7,"전환율 기대 이상, 강력 추천",2025-04-16
RT_00547,CB_00547,BR_00070,CR_TK_138,4.3,"콘텐츠 퀄리티 준수, 소통 원활",2024-09-24
RT_00548,CB_00548,BR_00096,CR_TK_053,3.9,"참여율 양호, 다음 캠페인 고려 중",2024-08-18
RT_00549,CB_00549,BR_00037,CR_YT_140,5.0,"타깃 참여율 우수, 재협업 의향 있음",2024-03-09
RT_00550,CB_00550,BR_00060,CR_TK_007,5.0,"전환율 기대 이상, 강력 추천",2025-11-16
RT_00551,CB_00551,BR_00079,CR_YT_148,4.3,"콘텐츠 퀄리티 준수, 소통 원활",2025-11-18
RT_00552,CB_00552,BR_00072,CR_YT_007,3.8,"전반적 만족, 일정 준수 양호",2025-01-19
RT_00553,CB_00553,BR_00064,CR_YT_108,4.5,"타깃 참여율 우수, 재협업 의향 있음",2025-08-08
RT_00554,CB_00554,BR_00011,CR_TK_024,3.6,"콘텐츠 퀄리티 준수, 소통 원활",2025-08-15
RT_00555,CB_00555,BR_00039,CR_YT_150,3.3,타깃 일치도 보통,2025-01-27
RT_00556,CB_00556,BR_00046,CR_YT_290,4.0,"콘텐츠 퀄리티 준수, 소통 원활",2025-05-30
RT_00557,CB_00557,BR_00063,CR_YT_121,4.9,"전환율 기대 이상, 강력 추천",2025-04-22
RT_00558,CB_00558,BR_00028,CR_YT_109,3.6,"전반적 만족, 일정 준수 양호",2024-07-28
RT_00559,CB_00559,BR_00052,CR_YT_282,3.8,"콘텐츠 퀄리티 준수, 소통 원활",2025-04-04
RT_00560,CB_00560,BR_00047,CR_TK_023,3.8,"참여율 양호, 다음 캠페인 고려 중",2024-05-27
RT_00561,CB_00561,BR_00097,CR_YT_238,4.3,"전반적 만족, 일정 준수 양호",2024-12-27
RT_00562,CB_00562,BR_00043,CR_TK_091,4.3,"참여율 양호, 다음 캠페인 고려 중",2025-05-29
RT_00563,CB_00563,BR_00054,CR_YT_211,3.8,"참여율 양호, 다음 캠페인 고려 중",2024-08-07
RT_00564,CB_00564,BR_00077,CR_YT_293,3.9,"참여율 양호, 다음 캠페인 고려 중",2025-03-19
RT_00565,CB_00565,BR_00048,CR_YT_012,2.7,일정 지연 있었으나 결과물 양호,2025-11-11
RT_00566,CB_00566,BR_00048,CR_TK_071,4.0,"콘텐츠 퀄리티 준수, 소통 원활",2024-10-10
RT_00567,CB_00567,BR_00009,CR_TK_158,4.9,"브랜드 톤 완벽 일치, 콘텐츠 퀄리티 탁월",2024-03-15
RT_00568,CB_00568,BR_00031,CR_TK_108,3.5,"콘텐츠 퀄리티 준수, 소통 원활",2024-09-06
RT_00569,CB_00569,BR_00021,CR_YT_126,4.0,"참여율 양호, 다음 캠페인 고려 중",2025-05-10
RT_00570,CB_00570,BR_00061,CR_TK_142,5.0,"전환율 기대 이상, 강력 추천",2025-02-26
RT_00571,CB_00571,BR_00092,CR_TK_098,3.3,일정 지연 있었으나 결과물 양호,2025-12-17
RT_00572,CB_00572,BR_00051,CR_TK_125,3.8,"참여율 양호, 다음 캠페인 고려 중",2024-03-23
RT_00573,CB_00573,BR_00016,CR_YT_054,4.3,"전반적 만족, 일정 준수 양호",2024-07-12
RT_00574,CB_00574,BR_00047,CR_YT_212,4.7,"전환율 기대 이상, 강력 추천",2025-01-15
RT_00575,CB_00575,BR_00083,CR_TK_056,3.7,"전반적 만족, 일정 준수 양호",2024-05-18
RT_00576,CB_00576,BR_00038,CR_TK_053,3.5,"참여율 양호, 다음 캠페인 고려 중",2025-05-08
RT_00577,CB_00577,BR_00098,CR_YT_072,4.3,"콘텐츠 퀄리티 준수, 소통 원활",2024-09-11
RT_00578,CB_00578,BR_00038,CR_YT_158,5.0,"타깃 참여율 우수, 재협업 의향 있음",2024-09-15
RT_00579,CB_00579,BR_00096,CR_TK_113,3.1,기대 대비 전환 소폭 미흡,2024-06-18
RT_00580,CB_00580,BR_00028,CR_YT_299,5.0,"타깃 참여율 우수, 재협업 의향 있음",2024-12-12
RT_00581,CB_00581,BR_00067,CR_YT_208,3.9,"참여율 양호, 다음 캠페인 고려 중",2025-08-11
RT_00582,CB_00582,BR_00065,CR_YT_161,2.4,"타깃 불일치, 전환율 저조",2025-08-01
RT_00583,CB_00583,BR_00062,CR_YT_090,4.3,"콘텐츠 퀄리티 준수, 소통 원활",2025-07-23
RT_00584,CB_00584,BR_00029,CR_YT_077,3.2,기대 대비 전환 소폭 미흡,2025-01-16
RT_00585,CB_00585,BR_00059,CR_YT_292,3.1,타깃 일치도 보통,2025-11-09
RT_00586,CB_00586,BR_00030,CR_TK_080,4.2,"참여율 양호, 다음 캠페인 고려 중",2024-09-06
RT_00587,CB_00587,BR_00009,CR_YT_139,3.9,"콘텐츠 퀄리티 준수, 소통 원활",2025-10-28
RT_00588,CB_00588,BR_00058,CR_YT_291,3.2,타깃 일치도 보통,2025-07-25
RT_00589,CB_00589,BR_00032,CR_YT_117,3.5,"콘텐츠 퀄리티 준수, 소통 원활",2025-05-22
RT_00590,CB_00590,BR_00025,CR_TK_076,4.0,"참여율 양호, 다음 캠페인 고려 중",2024-04-18
RT_00591,CB_00591,BR_00075,CR_YT_245,3.5,"콘텐츠 퀄리티 준수, 소통 원활",2025-05-07
RT_00592,CB_00592,BR_00026,CR_YT_245,3.1,타깃 일치도 보통,2024-07-12
RT_00593,CB_00593,BR_00063,CR_YT_154,4.6,"전환율 기대 이상, 강력 추천",2025-08-26
RT_00594,CB_00594,BR_00100,CR_TK_030,3.9,"전반적 만족, 일정 준수 양호",2024-10-27
RT_00595,CB_00595,BR_00097,CR_YT_209,3.1,기대 대비 전환 소폭 미흡,2025-10-21
RT_00596,CB_00596,BR_00083,CR_YT_154,4.3,"전반적 만족, 일정 준수 양호",2025-01-09
RT_00597,CB_00597,BR_00057,CR_YT_058,3.2,기대 대비 전환 소폭 미흡,2024-09-08
RT_00598,CB_00598,BR_00023,CR_YT_034,1.8,"타깃 불일치, 전환율 저조",2025-04-30
RT_00599,CB_00599,BR_00024,CR_YT_100,3.1,일정 지연 있었으나 결과물 양호,2024-06-02
RT_00600,CB_00600,BR_00014,CR_TK_051,3.6,"참여율 양호, 다음 캠페인 고려 중",2025-02-15
RT_00601,CB_00601,BR_00051,CR_TK_103,3.6,"전반적 만족, 일정 준수 양호",2024-08-04
RT_00602,CB_00602,BR_00084,CR_TK_005,3.8,"참여율 양호, 다음 캠페인 고려 중",2025-04-11
RT_00603,CB_00603,BR_00048,CR_YT_075,4.1,"콘텐츠 퀄리티 준수, 소통 원활",2024-12-20
RT_00604,CB_00604,BR_00098,CR_YT_214,3.9,"전반적 만족, 일정 준수 양호",2024-03-17
RT_00605,CB_00605,BR_00059,CR_TK_093,3.6,"참여율 양호, 다음 캠페인 고려 중",2024-10-30
RT_00606,CB_00606,BR_00048,CR_YT_013,3.7,"전반적 만족, 일정 준수 양호",2025-02-06
RT_00607,CB_00607,BR_00028,CR_TK_017,4.1,"전반적 만족, 일정 준수 양호",2025-08-06
RT_00608,CB_00608,BR_00062,CR_TK_183,3.4,일정 지연 있었으나 결과물 양호,2025-11-05
RT_00609,CB_00609,BR_00091,CR_YT_250,4.7,"전환율 기대 이상, 강력 추천",2024-10-23
RT_00610,CB_00610,BR_00044,CR_YT_142,4.5,"전환율 기대 이상, 강력 추천",2025-08-08
RT_00611,CB_00611,BR_00010,CR_YT_167,3.6,"콘텐츠 퀄리티 준수, 소통 원활",2025-04-01
RT_00612,CB_00612,BR_00057,CR_YT_126,3.4,타깃 일치도 보통,2025-03-05
RT_00613,CB_00613,BR_00089,CR_YT_012,2.8,타깃 일치도 보통,2024-06-20
RT_00614,CB_00614,BR_00047,CR_TK_164,4.1,"콘텐츠 퀄리티 준수, 소통 원활",2025-05-12
RT_00615,CB_00615,BR_00087,CR_TK_198,3.1,기대 대비 전환 소폭 미흡,2024-10-31
RT_00616,CB_00616,BR_00055,CR_YT_203,2.0,"타깃 불일치, 전환율 저조",2025-06-10
RT_00617,CB_00617,BR_00073,CR_YT_224,3.7,"전반적 만족, 일정 준수 양호",2024-05-15
RT_00618,CB_00618,BR_00043,CR_TK_025,4.0,"전반적 만족, 일정 준수 양호",2024-04-02
RT_00619,CB_00619,BR_00066,CR_TK_134,4.7,"타깃 참여율 우수, 재협업 의향 있음",2024-07-08
RT_00620,CB_00620,BR_00099,CR_TK_051,4.7,"브랜드 톤 완벽 일치, 콘텐츠 퀄리티 탁월",2025-04-22
RT_00621,CB_00621,BR_00043,CR_YT_038,5.0,"브랜드 톤 완벽 일치, 콘텐츠 퀄리티 탁월",2024-10-15
RT_00622,CB_00622,BR_00056,CR_TK_156,4.7,"타깃 참여율 우수, 재협업 의향 있음",2024-03-30
RT_00623,CB_00623,BR_00029,CR_YT_166,3.4,기대 대비 전환 소폭 미흡,2025-04-24
RT_00624,CB_00624,BR_00059,CR_TK_035,4.9,"브랜드 톤 완벽 일치, 콘텐츠 퀄리티 탁월",2024-10-28
RT_00625,CB_00625,BR_00025,CR_TK_096,4.4,"전반적 만족, 일정 준수 양호",2024-07-04
RT_00626,CB_00626,BR_00006,CR_TK_100,4.2,"참여율 양호, 다음 캠페인 고려 중",2024-08-21
RT_00627,CB_00627,BR_00085,CR_YT_107,4.7,"타깃 참여율 우수, 재협업 의향 있음",2024-09-06
RT_00628,CB_00628,BR_00099,CR_YT_182,4.0,"콘텐츠 퀄리티 준수, 소통 원활",2024-03-09
RT_00629,CB_00629,BR_00004,CR_YT_228,3.3,기대 대비 전환 소폭 미흡,2024-10-08
RT_00630,CB_00630,BR_00076,CR_TK_118,3.9,"콘텐츠 퀄리티 준수, 소통 원활",2024-05-27
RT_00631,CB_00631,BR_00021,CR_TK_088,4.9,"브랜드 톤 완벽 일치, 콘텐츠 퀄리티 탁월",2024-08-22
RT_00632,CB_00632,BR_00054,CR_YT_098,3.7,"참여율 양호, 다음 캠페인 고려 중",2024-08-24
RT_00633,CB_00633,BR_00059,CR_YT_009,2.5,일정 지연 있었으나 결과물 양호,2024-03-22
RT_00634,CB_00634,BR_00040,CR_TK_129,4.4,"콘텐츠 퀄리티 준수, 소통 원활",2024-05-20
RT_00635,CB_00635,BR_00084,CR_TK_030,5.0,"타깃 참여율 우수, 재협업 의향 있음",2025-04-09
RT_00636,CB_00636,BR_00006,CR_YT_073,4.2,"참여율 양호, 다음 캠페인 고려 중",2024-10-17
RT_00637,CB_00637,BR_00098,CR_YT_020,5.0,"브랜드 톤 완벽 일치, 콘텐츠 퀄리티 탁월",2024-06-09
RT_00639,CB_00639,BR_00086,CR_YT_093,4.2,"참여율 양호, 다음 캠페인 고려 중",2025-02-03
RT_00640,CB_00640,BR_00034,CR_TK_019,4.3,"전반적 만족, 일정 준수 양호",2024-12-13
RT_00641,CB_00641,BR_00019,CR_TK_168,4.2,"콘텐츠 퀄리티 준수, 소통 원활",2025-03-19
RT_00642,CB_00642,BR_00013,CR_YT_008,3.1,기대 대비 전환 소폭 미흡,2025-02-03
RT_00643,CB_00643,BR_00054,CR_TK_139,3.8,"전반적 만족, 일정 준수 양호",2025-09-06
RT_00644,CB_00644,BR_00061,CR_TK_161,3.3,기대 대비 전환 소폭 미흡,2024-11-02
RT_00645,CB_00645,BR_00013,CR_YT_245,4.3,"참여율 양호, 다음 캠페인 고려 중",2025-08-28
RT_00646,CB_00646,BR_00011,CR_TK_081,4.8,"브랜드 톤 완벽 일치, 콘텐츠 퀄리티 탁월",2024-06-10
RT_00647,CB_00647,BR_00094,CR_TK_038,3.3,타깃 일치도 보통,2024-12-12
RT_00648,CB_00648,BR_00035,CR_TK_090,2.9,타깃 일치도 보통,2024-06-24
RT_00649,CB_00649,BR_00005,CR_TK_083,3.7,"전반적 만족, 일정 준수 양호",2025-02-15
RT_00650,CB_00650,BR_00031,CR_YT_083,4.7,"타깃 참여율 우수, 재협업 의향 있음",2025-03-17
RT_00651,CB_00651,BR_00074,CR_YT_208,5.0,"전환율 기대 이상, 강력 추천",2025-05-21
RT_00652,CB_00652,BR_00084,CR_TK_094,4.3,"전반적 만족, 일정 준수 양호",2025-07-21
RT_00653,CB_00653,BR_00063,CR_TK_096,3.6,"전반적 만족, 일정 준수 양호",2025-09-17
RT_00654,CB_00654,BR_00009,CR_TK_101,3.9,"콘텐츠 퀄리티 준수, 소통 원활",2025-03-20
RT_00655,CB_00655,BR_00059,CR_TK_125,4.0,"콘텐츠 퀄리티 준수, 소통 원활",2024-05-17
RT_00656,CB_00656,BR_00056,CR_YT_284,3.7,"콘텐츠 퀄리티 준수, 소통 원활",2024-07-05
RT_00657,CB_00657,BR_00019,CR_TK_131,3.9,"콘텐츠 퀄리티 준수, 소통 원활",2024-09-04
RT_00658,CB_00658,BR_00073,CR_TK_141,4.6,"브랜드 톤 완벽 일치, 콘텐츠 퀄리티 탁월",2025-10-09
RT_00659,CB_00659,BR_00068,CR_YT_086,4.8,"브랜드 톤 완벽 일치, 콘텐츠 퀄리티 탁월",2025-02-28
RT_00660,CB_00660,BR_00097,CR_TK_067,3.8,"전반적 만족, 일정 준수 양호",2024-09-15
RT_00661,CB_00661,BR_00052,CR_YT_152,4.3,"전반적 만족, 일정 준수 양호",2025-05-07
RT_00662,CB_00662,BR_00039,CR_YT_001,4.4,"참여율 양호, 다음 캠페인 고려 중",2024-04-23
RT_00663,CB_00663,BR_00077,CR_TK_192,4.1,"참여율 양호, 다음 캠페인 고려 중",2024-04-05
RT_00664,CB_00664,BR_00032,CR_YT_201,3.6,"콘텐츠 퀄리티 준수, 소통 원활",2024-08-23
RT_00665,CB_00665,BR_00036,CR_YT_072,3.8,"참여율 양호, 다음 캠페인 고려 중",2025-03-05
RT_00666,CB_00666,BR_00019,CR_TK_045,4.3,"전반적 만족, 일정 준수 양호",2024-11-14
RT_00667,CB_00667,BR_00081,CR_TK_007,5.0,"브랜드 톤 완벽 일치, 콘텐츠 퀄리티 탁월",2025-05-31
RT_00668,CB_00668,BR_00059,CR_YT_079,3.1,기대 대비 전환 소폭 미흡,2024-04-25
RT_00669,CB_00669,BR_00033,CR_YT_058,3.9,"콘텐츠 퀄리티 준수, 소통 원활",2025-12-14
RT_00670,CB_00670,BR_00063,CR_TK_089,4.4,"콘텐츠 퀄리티 준수, 소통 원활",2024-11-27
RT_00671,CB_00671,BR_00047,CR_YT_124,3.1,기대 대비 전환 소폭 미흡,2025-07-30
RT_00672,CB_00672,BR_00093,CR_TK_076,3.3,타깃 일치도 보통,2024-11-19
RT_00673,CB_00673,BR_00046,CR_YT_043,4.2,"콘텐츠 퀄리티 준수, 소통 원활",2024-02-03
RT_00674,CB_00674,BR_00056,CR_TK_041,4.0,"콘텐츠 퀄리티 준수, 소통 원활",2024-10-22
RT_00675,CB_00675,BR_00073,CR_YT_193,4.6,"타깃 참여율 우수, 재협업 의향 있음",2025-12-18
RT_00676,CB_00676,BR_00083,CR_TK_189,4.8,"전환율 기대 이상, 강력 추천",2024-07-13
RT_00677,CB_00677,BR_00091,CR_TK_163,4.8,"타깃 참여율 우수, 재협업 의향 있음",2025-11-14
RT_00678,CB_00678,BR_00057,CR_TK_137,2.6,타깃 일치도 보통,2025-07-20
RT_00679,CB_00679,BR_00096,CR_TK_099,4.8,"타깃 참여율 우수, 재협업 의향 있음",2025-04-07
RT_00681,CB_00681,BR_00045,CR_YT_181,4.8,"전환율 기대 이상, 강력 추천",2024-10-21
RT_00682,CB_00682,BR_00034,CR_TK_094,4.2,"전반적 만족, 일정 준수 양호",2024-07-16
RT_00683,CB_00683,BR_00097,CR_YT_179,3.2,타깃 일치도 보통,2024-09-06
RT_00684,CB_00684,BR_00030,CR_YT_163,3.1,기대 대비 전환 소폭 미흡,2024-12-02
RT_00685,CB_00685,BR_00082,CR_YT_096,3.9,"전반적 만족, 일정 준수 양호",2025-03-02
RT_00687,CB_00687,BR_00090,CR_TK_029,4.0,"전반적 만족, 일정 준수 양호",2025-09-09
RT_00688,CB_00688,BR_00026,CR_YT_048,2.9,타깃 일치도 보통,2024-07-12
RT_00689,CB_00689,BR_00044,CR_YT_273,4.2,"전반적 만족, 일정 준수 양호",2025-03-04
RT_00690,CB_00690,BR_00038,CR_TK_015,4.8,"브랜드 톤 완벽 일치, 콘텐츠 퀄리티 탁월",2025-09-03
RT_00691,CB_00691,BR_00020,CR_TK_042,3.8,"참여율 양호, 다음 캠페인 고려 중",2024-11-02
RT_00692,CB_00692,BR_00029,CR_YT_226,3.1,일정 지연 있었으나 결과물 양호,2025-12-02
RT_00693,CB_00693,BR_00062,CR_TK_130,3.2,기대 대비 전환 소폭 미흡,2025-06-06
RT_00694,CB_00694,BR_00067,CR_YT_298,3.6,"콘텐츠 퀄리티 준수, 소통 원활",2025-05-27
RT_00695,CB_00695,BR_00047,CR_TK_112,3.7,"콘텐츠 퀄리티 준수, 소통 원활",2024-11-29
RT_00696,CB_00696,BR_00046,CR_YT_040,3.9,"참여율 양호, 다음 캠페인 고려 중",2024-06-21
RT_00697,CB_00697,BR_00017,CR_YT_050,2.6,일정 지연 있었으나 결과물 양호,2025-08-05
RT_00698,CB_00698,BR_00045,CR_TK_068,4.0,"콘텐츠 퀄리티 준수, 소통 원활",2026-01-29
RT_00699,CB_00699,BR_00059,CR_TK_017,4.4,"전반적 만족, 일정 준수 양호",2025-05-31
RT_00700,CB_00700,BR_00058,CR_YT_287,5.0,"브랜드 톤 완벽 일치, 콘텐츠 퀄리티 탁월",2025-11-23
RT_00701,CB_00701,BR_00046,CR_YT_034,2.0,"타깃 불일치, 전환율 저조",2025-01-12
RT_00702,CB_00702,BR_00056,CR_TK_061,4.5,"전환율 기대 이상, 강력 추천",2024-07-20
RT_00703,CB_00703,BR_00043,CR_YT_120,3.6,"콘텐츠 퀄리티 준수, 소통 원활",2025-11-10
RT_00704,CB_00704,BR_00041,CR_TK_142,5.0,"전환율 기대 이상, 강력 추천",2024-04-14
RT_00705,CB_00705,BR_00010,CR_TK_015,4.5,"타깃 참여율 우수, 재협업 의향 있음",2024-06-18
RT_00706,CB_00706,BR_00100,CR_TK_089,4.3,"전반적 만족, 일정 준수 양호",2024-08-07
RT_00707,CB_00707,BR_00013,CR_TK_185,4.1,"콘텐츠 퀄리티 준수, 소통 원활",2025-05-30
RT_00708,CB_00708,BR_00061,CR_YT_071,3.6,"콘텐츠 퀄리티 준수, 소통 원활",2025-01-28
RT_00709,CB_00709,BR_00064,CR_YT_047,4.0,"전반적 만족, 일정 준수 양호",2024-08-10
RT_00710,CB_00710,BR_00044,CR_YT_232,3.3,일정 지연 있었으나 결과물 양호,2024-07-09
RT_00711,CB_00711,BR_00088,CR_YT_192,2.8,기대 대비 전환 소폭 미흡,2024-05-16
RT_00712,CB_00712,BR_00040,CR_YT_015,4.3,"콘텐츠 퀄리티 준수, 소통 원활",2025-11-10
RT_00713,CB_00713,BR_00064,CR_YT_094,4.4,"참여율 양호, 다음 캠페인 고려 중",2025-08-08
RT_00714,CB_00714,BR_00048,CR_YT_294,4.5,"타깃 참여율 우수, 재협업 의향 있음",2024-09-04
RT_00715,CB_00715,BR_00057,CR_YT_016,5.0,"전환율 기대 이상, 강력 추천",2025-10-17
RT_00716,CB_00716,BR_00040,CR_TK_179,4.4,"전반적 만족, 일정 준수 양호",2024-11-11
RT_00717,CB_00717,BR_00064,CR_YT_099,3.4,일정 지연 있었으나 결과물 양호,2025-10-12
RT_00718,CB_00718,BR_00071,CR_TK_126,3.9,"참여율 양호, 다음 캠페인 고려 중",2025-04-15
RT_00719,CB_00719,BR_00019,CR_YT_123,3.9,"전반적 만족, 일정 준수 양호",2025-06-27
RT_00720,CB_00720,BR_00062,CR_TK_116,2.9,기대 대비 전환 소폭 미흡,2025-09-16
RT_00721,CB_00721,BR_00073,CR_YT_295,3.9,"전반적 만족, 일정 준수 양호",2025-10-06
RT_00722,CB_00722,BR_00058,CR_TK_091,4.5,"타깃 참여율 우수, 재협업 의향 있음",2024-08-29
RT_00723,CB_00723,BR_00004,CR_YT_252,2.8,타깃 일치도 보통,2024-05-19
RT_00724,CB_00724,BR_00099,CR_YT_148,3.9,"전반적 만족, 일정 준수 양호",2024-05-31
RT_00725,CB_00725,BR_00096,CR_TK_161,4.6,"브랜드 톤 완벽 일치, 콘텐츠 퀄리티 탁월",2025-11-18
RT_00726,CB_00726,BR_00039,CR_YT_198,3.9,"전반적 만족, 일정 준수 양호",2024-08-18
RT_00727,CB_00727,BR_00095,CR_YT_261,3.6,"전반적 만족, 일정 준수 양호",2025-08-02
RT_00728,CB_00728,BR_00059,CR_TK_187,3.1,기대 대비 전환 소폭 미흡,2024-08-14
RT_00729,CB_00729,BR_00082,CR_TK_014,3.9,"참여율 양호, 다음 캠페인 고려 중",2024-02-02
RT_00730,CB_00730,BR_00001,CR_TK_164,3.8,"전반적 만족, 일정 준수 양호",2024-10-06
RT_00731,CB_00731,BR_00052,CR_YT_023,3.5,"참여율 양호, 다음 캠페인 고려 중",2024-07-18
RT_00732,CB_00732,BR_00088,CR_YT_293,4.0,"콘텐츠 퀄리티 준수, 소통 원활",2025-11-12
RT_00733,CB_00733,BR_00089,CR_YT_006,3.6,"참여율 양호, 다음 캠페인 고려 중",2025-05-12
RT_00734,CB_00734,BR_00033,CR_TK_008,4.1,"참여율 양호, 다음 캠페인 고려 중",2024-03-23
RT_00735,CB_00735,BR_00010,CR_TK_027,4.2,"참여율 양호, 다음 캠페인 고려 중",2024-05-19
RT_00736,CB_00736,BR_00022,CR_TK_184,3.9,"전반적 만족, 일정 준수 양호",2024-11-24
RT_00737,CB_00737,BR_00098,CR_YT_062,3.6,"전반적 만족, 일정 준수 양호",2025-03-15
RT_00738,CB_00738,BR_00005,CR_YT_241,4.3,"참여율 양호, 다음 캠페인 고려 중",2025-05-29
RT_00739,CB_00739,BR_00089,CR_TK_113,3.6,"전반적 만족, 일정 준수 양호",2024-04-12
RT_00740,CB_00740,BR_00099,CR_YT_022,3.9,"전반적 만족, 일정 준수 양호",2025-07-10
RT_00741,CB_00741,BR_00020,CR_YT_175,3.1,기대 대비 전환 소폭 미흡,2024-10-16
RT_00742,CB_00742,BR_00020,CR_TK_185,4.2,"콘텐츠 퀄리티 준수, 소통 원활",2025-02-01
RT_00743,CB_00743,BR_00057,CR_YT_013,3.7,"전반적 만족, 일정 준수 양호",2025-04-20
RT_00744,CB_00744,BR_00071,CR_TK_194,4.1,"전반적 만족, 일정 준수 양호",2024-12-15
RT_00745,CB_00745,BR_00093,CR_YT_087,2.8,타깃 일치도 보통,2024-12-28
RT_00746,CB_00746,BR_00001,CR_YT_289,4.7,"브랜드 톤 완벽 일치, 콘텐츠 퀄리티 탁월",2024-05-03
RT_00747,CB_00747,BR_00073,CR_YT_280,4.8,"브랜드 톤 완벽 일치, 콘텐츠 퀄리티 탁월",2024-04-07
RT_00748,CB_00748,BR_00037,CR_TK_052,4.7,"타깃 참여율 우수, 재협업 의향 있음",2025-12-03
RT_00749,CB_00749,BR_00045,CR_TK_026,3.5,"콘텐츠 퀄리티 준수, 소통 원활",2025-06-13
RT_00750,CB_00750,BR_00019,CR_YT_147,4.6,"브랜드 톤 완벽 일치, 콘텐츠 퀄리티 탁월",2025-11-16
RT_00751,CB_00751,BR_00095,CR_YT_011,4.2,"전반적 만족, 일정 준수 양호",2025-04-28
RT_00752,CB_00752,BR_00030,CR_YT_206,3.1,일정 지연 있었으나 결과물 양호,2024-06-11
RT_00753,CB_00753,BR_00058,CR_YT_228,3.4,일정 지연 있었으나 결과물 양호,2025-04-16
RT_00754,CB_00754,BR_00027,CR_YT_126,3.2,기대 대비 전환 소폭 미흡,2024-09-12
RT_00755,CB_00755,BR_00047,CR_TK_161,4.5,"전환율 기대 이상, 강력 추천",2025-07-26
RT_00756,CB_00756,BR_00051,CR_YT_073,4.4,"참여율 양호, 다음 캠페인 고려 중",2025-05-20
RT_00757,CB_00757,BR_00080,CR_YT_212,4.5,"전환율 기대 이상, 강력 추천",2024-03-28
RT_00758,CB_00758,BR_00067,CR_YT_222,3.4,기대 대비 전환 소폭 미흡,2024-09-04
RT_00759,CB_00759,BR_00096,CR_TK_049,2.5,일정 지연 있었으나 결과물 양호,2025-09-03
RT_00760,CB_00760,BR_00041,CR_YT_240,2.8,타깃 일치도 보통,2024-10-21
RT_00761,CB_00761,BR_00068,CR_TK_077,4.0,"참여율 양호, 다음 캠페인 고려 중",2025-11-02
RT_00762,CB_00762,BR_00007,CR_YT_170,4.1,"참여율 양호, 다음 캠페인 고려 중",2024-05-12
RT_00763,CB_00763,BR_00040,CR_TK_131,3.2,기대 대비 전환 소폭 미흡,2024-04-18
RT_00764,CB_00764,BR_00044,CR_TK_061,3.5,"전반적 만족, 일정 준수 양호",2024-08-10
RT_00765,CB_00765,BR_00021,CR_YT_213,4.0,"전반적 만족, 일정 준수 양호",2024-08-11
RT_00766,CB_00766,BR_00090,CR_YT_144,4.1,"참여율 양호, 다음 캠페인 고려 중",2024-10-03
RT_00767,CB_00767,BR_00018,CR_TK_151,5.0,"전환율 기대 이상, 강력 추천",2025-04-04
RT_00768,CB_00768,BR_00047,CR_TK_177,3.8,"전반적 만족, 일정 준수 양호",2025-07-03
RT_00769,CB_00769,BR_00086,CR_YT_291,3.9,"콘텐츠 퀄리티 준수, 소통 원활",2025-01-23
RT_00770,CB_00770,BR_00039,CR_TK_047,5.0,"브랜드 톤 완벽 일치, 콘텐츠 퀄리티 탁월",2025-03-19
RT_00771,CB_00771,BR_00082,CR_YT_165,3.8,"전반적 만족, 일정 준수 양호",2024-11-16
RT_00772,CB_00772,BR_00076,CR_YT_214,3.8,"참여율 양호, 다음 캠페인 고려 중",2024-07-26
RT_00773,CB_00773,BR_00004,CR_YT_251,4.3,"참여율 양호, 다음 캠페인 고려 중",2025-01-04
RT_00774,CB_00774,BR_00056,CR_YT_173,4.3,"전반적 만족, 일정 준수 양호",2024-03-16
RT_00775,CB_00775,BR_00071,CR_YT_017,2.1,광고 비율 과다로 팔로워 반응 낮음,2024-08-21
RT_00776,CB_00776,BR_00061,CR_YT_195,3.5,"전반적 만족, 일정 준수 양호",2025-02-22
RT_00777,CB_00777,BR_00066,CR_TK_138,3.0,타깃 일치도 보통,2025-05-22
RT_00778,CB_00778,BR_00025,CR_YT_251,4.2,"전반적 만족, 일정 준수 양호",2024-11-25
RT_00779,CB_00779,BR_00066,CR_TK_159,4.7,"브랜드 톤 완벽 일치, 콘텐츠 퀄리티 탁월",2024-05-14
RT_00780,CB_00780,BR_00048,CR_YT_034,2.8,타깃 일치도 보통,2024-09-18
RT_00781,CB_00781,BR_00002,CR_TK_078,4.9,"브랜드 톤 완벽 일치, 콘텐츠 퀄리티 탁월",2025-03-29
RT_00782,CB_00782,BR_00081,CR_TK_148,4.4,"전반적 만족, 일정 준수 양호",2024-12-26
RT_00783,CB_00783,BR_00011,CR_YT_096,3.7,"콘텐츠 퀄리티 준수, 소통 원활",2024-04-21
RT_00784,CB_00784,BR_00011,CR_YT_199,3.5,"전반적 만족, 일정 준수 양호",2025-02-25
RT_00785,CB_00785,BR_00091,CR_YT_096,3.7,"콘텐츠 퀄리티 준수, 소통 원활",2025-06-05
RT_00786,CB_00786,BR_00065,CR_YT_004,3.6,"콘텐츠 퀄리티 준수, 소통 원활",2024-04-28
RT_00787,CB_00787,BR_00025,CR_TK_059,3.3,타깃 일치도 보통,2024-05-30
RT_00788,CB_00788,BR_00051,CR_TK_026,5.0,"전환율 기대 이상, 강력 추천",2025-10-10
RT_00789,CB_00789,BR_00045,CR_TK_077,4.3,"참여율 양호, 다음 캠페인 고려 중",2024-12-15
RT_00790,CB_00790,BR_00021,CR_YT_034,1.8,"타깃 불일치, 전환율 저조",2024-03-24
RT_00791,CB_00791,BR_00056,CR_YT_041,3.9,"참여율 양호, 다음 캠페인 고려 중",2025-04-28
RT_00792,CB_00792,BR_00047,CR_TK_058,3.0,일정 지연 있었으나 결과물 양호,2025-10-05
RT_00793,CB_00793,BR_00062,CR_YT_190,4.3,"콘텐츠 퀄리티 준수, 소통 원활",2025-07-02
RT_00794,CB_00794,BR_00076,CR_YT_088,3.4,일정 지연 있었으나 결과물 양호,2024-03-18
RT_00795,CB_00795,BR_00052,CR_YT_238,4.3,"참여율 양호, 다음 캠페인 고려 중",2025-06-26
RT_00796,CB_00796,BR_00018,CR_TK_104,4.0,"참여율 양호, 다음 캠페인 고려 중",2025-01-29
RT_00797,CB_00797,BR_00085,CR_TK_164,4.3,"전반적 만족, 일정 준수 양호",2024-07-31
RT_00798,CB_00798,BR_00020,CR_YT_139,4.2,"참여율 양호, 다음 캠페인 고려 중",2025-01-19
RT_00799,CB_00799,BR_00071,CR_YT_143,3.4,타깃 일치도 보통,2024-10-04
RT_00800,CB_00800,BR_00021,CR_YT_250,5.0,"브랜드 톤 완벽 일치, 콘텐츠 퀄리티 탁월",2024-04-13
RT_00801,CB_00801,BR_00038,CR_YT_073,3.8,"콘텐츠 퀄리티 준수, 소통 원활",2024-12-08
RT_00802,CB_00802,BR_00040,CR_TK_024,4.4,"콘텐츠 퀄리티 준수, 소통 원활",2024-07-21
RT_00803,CB_00803,BR_00017,CR_YT_272,4.9,"타깃 참여율 우수, 재협업 의향 있음",2024-11-28
RT_00804,CB_00804,BR_00061,CR_YT_033,4.3,"참여율 양호, 다음 캠페인 고려 중",2024-03-24
RT_00805,CB_00805,BR_00041,CR_TK_025,4.7,"브랜드 톤 완벽 일치, 콘텐츠 퀄리티 탁월",2025-06-06
RT_00806,CB_00806,BR_00017,CR_TK_195,3.5,"참여율 양호, 다음 캠페인 고려 중",2025-02-26
RT_00807,CB_00807,BR_00032,CR_YT_251,4.6,"브랜드 톤 완벽 일치, 콘텐츠 퀄리티 탁월",2025-10-03
RT_00808,CB_00808,BR_00019,CR_TK_020,3.6,"참여율 양호, 다음 캠페인 고려 중",2024-12-12
RT_00809,CB_00809,BR_00094,CR_YT_137,4.9,"브랜드 톤 완벽 일치, 콘텐츠 퀄리티 탁월",2024-05-21
RT_00810,CB_00810,BR_00047,CR_TK_135,4.8,"브랜드 톤 완벽 일치, 콘텐츠 퀄리티 탁월",2024-05-13
RT_00811,CB_00811,BR_00062,CR_YT_288,4.7,"타깃 참여율 우수, 재협업 의향 있음",2024-07-09
RT_00813,CB_00813,BR_00095,CR_TK_154,4.1,"콘텐츠 퀄리티 준수, 소통 원활",2024-10-28
RT_00814,CB_00814,BR_00002,CR_YT_153,4.2,"콘텐츠 퀄리티 준수, 소통 원활",2024-11-04
RT_00815,CB_00815,BR_00011,CR_YT_189,5.0,"브랜드 톤 완벽 일치, 콘텐츠 퀄리티 탁월",2025-05-31
RT_00816,CB_00816,BR_00041,CR_YT_056,4.9,"타깃 참여율 우수, 재협업 의향 있음",2024-12-10
RT_00817,CB_00817,BR_00003,CR_YT_064,5.0,"타깃 참여율 우수, 재협업 의향 있음",2024-04-07
RT_00818,CB_00818,BR_00071,CR_YT_014,4.2,"콘텐츠 퀄리티 준수, 소통 원활",2025-12-17
RT_00819,CB_00819,BR_00005,CR_TK_030,4.5,"전환율 기대 이상, 강력 추천",2024-11-28
RT_00820,CB_00820,BR_00092,CR_TK_066,4.8,"타깃 참여율 우수, 재협업 의향 있음",2024-07-25
RT_00821,CB_00821,BR_00092,CR_YT_121,5.0,"전환율 기대 이상, 강력 추천",2024-05-11
RT_00822,CB_00822,BR_00064,CR_YT_206,3.9,"전반적 만족, 일정 준수 양호",2025-07-30
RT_00823,CB_00823,BR_00012,CR_TK_117,4.0,"참여율 양호, 다음 캠페인 고려 중",2024-10-10
RT_00824,CB_00824,BR_00008,CR_TK_031,3.9,"전반적 만족, 일정 준수 양호",2025-08-20
RT_00825,CB_00825,BR_00029,CR_TK_089,4.7,"브랜드 톤 완벽 일치, 콘텐츠 퀄리티 탁월",2024-10-03
RT_00826,CB_00826,BR_00082,CR_TK_044,4.4,"전반적 만족, 일정 준수 양호",2025-03-06
RT_00827,CB_00827,BR_00054,CR_YT_282,2.7,기대 대비 전환 소폭 미흡,2024-03-31
RT_00828,CB_00828,BR_00045,CR_TK_060,4.3,"참여율 양호, 다음 캠페인 고려 중",2024-07-01
RT_00829,CB_00829,BR_00020,CR_YT_275,4.0,"콘텐츠 퀄리티 준수, 소통 원활",2024-04-11
RT_00830,CB_00830,BR_00026,CR_TK_087,4.3,"전반적 만족, 일정 준수 양호",2025-10-20
RT_00831,CB_00831,BR_00037,CR_YT_232,3.5,"전반적 만족, 일정 준수 양호",2024-04-06
RT_00832,CB_00832,BR_00024,CR_YT_058,3.9,"전반적 만족, 일정 준수 양호",2024-04-25
RT_00833,CB_00833,BR_00073,CR_TK_077,4.5,"타깃 참여율 우수, 재협업 의향 있음",2024-12-12
RT_00834,CB_00834,BR_00081,CR_YT_118,4.4,"콘텐츠 퀄리티 준수, 소통 원활",2025-09-14
RT_00835,CB_00835,BR_00043,CR_YT_106,3.8,"전반적 만족, 일정 준수 양호",2025-08-06
RT_00836,CB_00836,BR_00063,CR_YT_246,4.6,"브랜드 톤 완벽 일치, 콘텐츠 퀄리티 탁월",2025-11-06
RT_00837,CB_00837,BR_00079,CR_YT_055,3.9,"콘텐츠 퀄리티 준수, 소통 원활",2024-01-24
RT_00838,CB_00838,BR_00039,CR_YT_228,4.0,"콘텐츠 퀄리티 준수, 소통 원활",2025-05-05
RT_00839,CB_00839,BR_00055,CR_TK_080,4.2,"전반적 만족, 일정 준수 양호",2025-02-06
RT_00840,CB_00840,BR_00016,CR_YT_155,3.0,일정 지연 있었으나 결과물 양호,2024-06-30
RT_00841,CB_00841,BR_00016,CR_TK_171,3.4,일정 지연 있었으나 결과물 양호,2025-10-31
RT_00842,CB_00842,BR_00093,CR_YT_121,4.8,"전환율 기대 이상, 강력 추천",2025-07-14
RT_00844,CB_00844,BR_00060,CR_YT_212,5.0,"브랜드 톤 완벽 일치, 콘텐츠 퀄리티 탁월",2024-07-18
RT_00845,CB_00845,BR_00036,CR_TK_064,3.6,"참여율 양호, 다음 캠페인 고려 중",2024-12-27
RT_00846,CB_00846,BR_00025,CR_YT_121,5.0,"브랜드 톤 완벽 일치, 콘텐츠 퀄리티 탁월",2025-04-28
RT_00847,CB_00847,BR_00072,CR_TK_188,4.0,"참여율 양호, 다음 캠페인 고려 중",2025-06-28
RT_00848,CB_00848,BR_00048,CR_YT_234,4.4,"전반적 만족, 일정 준수 양호",2025-08-06
RT_00849,CB_00849,BR_00019,CR_YT_165,4.7,"브랜드 톤 완벽 일치, 콘텐츠 퀄리티 탁월",2025-11-28
RT_00850,CB_00850,BR_00099,CR_YT_150,3.2,기대 대비 전환 소폭 미흡,2024-08-06
RT_00851,CB_00851,BR_00033,CR_TK_154,4.5,"브랜드 톤 완벽 일치, 콘텐츠 퀄리티 탁월",2024-06-28
RT_00852,CB_00852,BR_00088,CR_YT_085,3.7,"참여율 양호, 다음 캠페인 고려 중",2024-03-26
RT_00853,CB_00853,BR_00070,CR_TK_024,3.6,"콘텐츠 퀄리티 준수, 소통 원활",2024-09-16
RT_00855,CB_00855,BR_00033,CR_TK_179,3.1,일정 지연 있었으나 결과물 양호,2025-08-27
RT_00857,CB_00857,BR_00045,CR_TK_084,3.3,타깃 일치도 보통,2025-03-15
RT_00858,CB_00858,BR_00097,CR_YT_097,3.8,"전반적 만족, 일정 준수 양호",2024-04-05
RT_00859,CB_00859,BR_00040,CR_YT_124,4.5,"전환율 기대 이상, 강력 추천",2025-04-02
RT_00860,CB_00860,BR_00004,CR_YT_009,3.0,타깃 일치도 보통,2024-03-11
RT_00861,CB_00861,BR_00033,CR_YT_232,3.4,타깃 일치도 보통,2024-07-05
RT_00862,CB_00862,BR_00044,CR_YT_199,3.0,타깃 일치도 보통,2025-02-23
RT_00863,CB_00863,BR_00076,CR_YT_022,3.4,일정 지연 있었으나 결과물 양호,2025-06-12
RT_00864,CB_00864,BR_00050,CR_TK_086,4.3,"전반적 만족, 일정 준수 양호",2025-07-31
RT_00865,CB_00865,BR_00088,CR_YT_252,2.2,CPM 대비 성과 미흡,2024-04-02
RT_00866,CB_00866,BR_00070,CR_YT_048,3.9,"참여율 양호, 다음 캠페인 고려 중",2024-05-04
RT_00867,CB_00867,BR_00096,CR_YT_173,3.6,"콘텐츠 퀄리티 준수, 소통 원활",2024-12-13
RT_00868,CB_00868,BR_00058,CR_YT_111,3.9,"전반적 만족, 일정 준수 양호",2025-11-28
RT_00869,CB_00869,BR_00004,CR_TK_179,3.1,기대 대비 전환 소폭 미흡,2025-08-05
RT_00870,CB_00870,BR_00069,CR_TK_035,3.9,"전반적 만족, 일정 준수 양호",2024-03-24
RT_00871,CB_00871,BR_00038,CR_TK_138,3.9,"콘텐츠 퀄리티 준수, 소통 원활",2024-07-05
RT_00872,CB_00872,BR_00010,CR_YT_102,4.3,"콘텐츠 퀄리티 준수, 소통 원활",2025-07-20
RT_00873,CB_00873,BR_00023,CR_TK_096,4.6,"타깃 참여율 우수, 재협업 의향 있음",2025-02-17
RT_00874,CB_00874,BR_00064,CR_YT_118,3.7,"전반적 만족, 일정 준수 양호",2025-04-20
RT_00875,CB_00875,BR_00073,CR_YT_013,3.6,"참여율 양호, 다음 캠페인 고려 중",2025-05-26
RT_00876,CB_00876,BR_00089,CR_YT_189,4.3,"전반적 만족, 일정 준수 양호",2026-01-13
RT_00877,CB_00877,BR_00055,CR_YT_035,3.8,"참여율 양호, 다음 캠페인 고려 중",2024-04-01
RT_00878,CB_00878,BR_00032,CR_TK_165,3.4,일정 지연 있었으나 결과물 양호,2024-06-11
RT_00879,CB_00879,BR_00085,CR_YT_280,4.8,"브랜드 톤 완벽 일치, 콘텐츠 퀄리티 탁월",2025-04-20
RT_00880,CB_00880,BR_00053,CR_YT_060,3.5,"참여율 양호, 다음 캠페인 고려 중",2025-08-17
RT_00881,CB_00881,BR_00002,CR_YT_191,3.7,"참여율 양호, 다음 캠페인 고려 중",2024-06-05
RT_00883,CB_00883,BR_00061,CR_YT_245,3.6,"콘텐츠 퀄리티 준수, 소통 원활",2025-06-07
RT_00884,CB_00884,BR_00010,CR_YT_075,5.0,"브랜드 톤 완벽 일치, 콘텐츠 퀄리티 탁월",2024-08-15
RT_00885,CB_00885,BR_00010,CR_YT_290,3.6,"콘텐츠 퀄리티 준수, 소통 원활",2024-07-26
RT_00886,CB_00886,BR_00034,CR_YT_209,3.4,기대 대비 전환 소폭 미흡,2024-05-11
RT_00887,CB_00887,BR_00093,CR_TK_177,3.7,"참여율 양호, 다음 캠페인 고려 중",2025-04-01
RT_00888,CB_00888,BR_00062,CR_TK_015,3.4,타깃 일치도 보통,2025-08-09
RT_00889,CB_00889,BR_00037,CR_YT_255,4.5,"브랜드 톤 완벽 일치, 콘텐츠 퀄리티 탁월",2024-05-27
RT_00890,CB_00890,BR_00100,CR_YT_075,4.8,"브랜드 톤 완벽 일치, 콘텐츠 퀄리티 탁월",2025-11-14
RT_00892,CB_00892,BR_00050,CR_TK_088,3.7,"참여율 양호, 다음 캠페인 고려 중",2025-12-04
RT_00893,CB_00893,BR_00061,CR_YT_173,4.7,"타깃 참여율 우수, 재협업 의향 있음",2024-06-06
RT_00894,CB_00894,BR_00081,CR_YT_138,4.6,"전환율 기대 이상, 강력 추천",2024-11-10
RT_00895,CB_00895,BR_00031,CR_YT_290,3.8,"전반적 만족, 일정 준수 양호",2024-08-19
RT_00896,CB_00896,BR_00036,CR_YT_136,4.1,"콘텐츠 퀄리티 준수, 소통 원활",2025-11-08
RT_00897,CB_00897,BR_00099,CR_TK_053,5.0,"브랜드 톤 완벽 일치, 콘텐츠 퀄리티 탁월",2024-12-07
RT_00898,CB_00898,BR_00060,CR_YT_298,4.8,"브랜드 톤 완벽 일치, 콘텐츠 퀄리티 탁월",2025-07-25
RT_00899,CB_00899,BR_00077,CR_TK_105,4.8,"브랜드 톤 완벽 일치, 콘텐츠 퀄리티 탁월",2025-11-21
RT_00900,CB_00900,BR_00062,CR_TK_068,4.0,"전반적 만족, 일정 준수 양호",2025-01-16
RT_00901,CB_00901,BR_00016,CR_TK_195,5.0,"전환율 기대 이상, 강력 추천",2025-05-04
RT_00902,CB_00902,BR_00064,CR_YT_233,4.4,"참여율 양호, 다음 캠페인 고려 중",2025-10-22
RT_00903,CB_00903,BR_00055,CR_TK_022,4.1,"참여율 양호, 다음 캠페인 고려 중",2025-08-26
RT_00904,CB_00904,BR_00016,CR_YT_186,4.1,"전반적 만족, 일정 준수 양호",2024-03-18
RT_00905,CB_00905,BR_00013,CR_TK_174,3.5,"참여율 양호, 다음 캠페인 고려 중",2025-04-16
RT_00906,CB_00906,BR_00080,CR_TK_069,4.5,"타깃 참여율 우수, 재협업 의향 있음",2024-11-13
RT_00907,CB_00907,BR_00035,CR_TK_176,3.3,기대 대비 전환 소폭 미흡,2025-09-01
RT_00908,CB_00908,BR_00029,CR_YT_088,4.2,"전반적 만족, 일정 준수 양호",2025-03-01
RT_00909,CB_00909,BR_00079,CR_TK_199,4.8,"전환율 기대 이상, 강력 추천",2024-12-10
RT_00910,CB_00910,BR_00079,CR_YT_085,2.9,일정 지연 있었으나 결과물 양호,2024-08-09
RT_00911,CB_00911,BR_00077,CR_TK_135,3.8,"전반적 만족, 일정 준수 양호",2025-04-04
RT_00912,CB_00912,BR_00057,CR_YT_077,3.7,"참여율 양호, 다음 캠페인 고려 중",2025-05-11
RT_00913,CB_00913,BR_00087,CR_YT_252,3.3,기대 대비 전환 소폭 미흡,2025-07-03
RT_00914,CB_00914,BR_00057,CR_TK_011,4.0,"콘텐츠 퀄리티 준수, 소통 원활",2024-09-06
RT_00915,CB_00915,BR_00022,CR_TK_104,2.8,일정 지연 있었으나 결과물 양호,2025-03-25
RT_00916,CB_00916,BR_00030,CR_YT_195,3.1,타깃 일치도 보통,2025-11-18
RT_00917,CB_00917,BR_00009,CR_YT_232,3.1,타깃 일치도 보통,2024-04-04
RT_00918,CB_00918,BR_00058,CR_TK_166,3.3,일정 지연 있었으나 결과물 양호,2025-04-05
RT_00919,CB_00919,BR_00034,CR_YT_246,3.6,"참여율 양호, 다음 캠페인 고려 중",2024-07-13
RT_00920,CB_00920,BR_00026,CR_TK_134,3.6,"콘텐츠 퀄리티 준수, 소통 원활",2024-04-20
RT_00921,CB_00921,BR_00012,CR_TK_016,4.5,"전환율 기대 이상, 강력 추천",2025-08-08
RT_00922,CB_00922,BR_00019,CR_TK_140,4.2,"콘텐츠 퀄리티 준수, 소통 원활",2025-04-28
RT_00923,CB_00923,BR_00009,CR_YT_119,4.1,"참여율 양호, 다음 캠페인 고려 중",2024-07-12
RT_00924,CB_00924,BR_00095,CR_YT_091,3.9,"콘텐츠 퀄리티 준수, 소통 원활",2025-01-27
RT_00925,CB_00925,BR_00026,CR_TK_009,3.9,"콘텐츠 퀄리티 준수, 소통 원활",2024-04-13
RT_00926,CB_00926,BR_00100,CR_YT_237,3.8,"참여율 양호, 다음 캠페인 고려 중",2025-08-29
RT_00927,CB_00927,BR_00002,CR_YT_167,3.7,"참여율 양호, 다음 캠페인 고려 중",2024-08-02
RT_00928,CB_00928,BR_00018,CR_YT_086,3.8,"전반적 만족, 일정 준수 양호",2024-04-26
RT_00929,CB_00929,BR_00074,CR_TK_101,4.0,"참여율 양호, 다음 캠페인 고려 중",2024-12-21
RT_00930,CB_00930,BR_00082,CR_TK_011,4.3,"참여율 양호, 다음 캠페인 고려 중",2024-03-09
RT_00931,CB_00931,BR_00063,CR_TK_047,5.0,"브랜드 톤 완벽 일치, 콘텐츠 퀄리티 탁월",2025-05-19
RT_00932,CB_00932,BR_00067,CR_YT_182,4.7,"전환율 기대 이상, 강력 추천",2025-12-19
RT_00933,CB_00933,BR_00053,CR_YT_086,4.9,"타깃 참여율 우수, 재협업 의향 있음",2025-08-09
RT_00934,CB_00934,BR_00039,CR_YT_060,3.4,기대 대비 전환 소폭 미흡,2025-11-18
RT_00935,CB_00935,BR_00097,CR_YT_009,2.0,CPM 대비 성과 미흡,2024-10-14
RT_00936,CB_00936,BR_00098,CR_TK_084,4.6,"전환율 기대 이상, 강력 추천",2024-06-27
RT_00937,CB_00937,BR_00033,CR_YT_250,4.8,"타깃 참여율 우수, 재협업 의향 있음",2025-04-22
RT_00938,CB_00938,BR_00007,CR_YT_126,3.4,일정 지연 있었으나 결과물 양호,2024-06-15
RT_00939,CB_00939,BR_00084,CR_TK_147,2.9,타깃 일치도 보통,2025-04-10
RT_00940,CB_00940,BR_00062,CR_YT_035,3.3,일정 지연 있었으나 결과물 양호,2025-01-31
RT_00941,CB_00941,BR_00019,CR_TK_082,5.0,"타깃 참여율 우수, 재협업 의향 있음",2025-09-11
RT_00942,CB_00942,BR_00058,CR_YT_207,5.0,"전환율 기대 이상, 강력 추천",2025-03-13
RT_00943,CB_00943,BR_00067,CR_YT_300,5.0,"타깃 참여율 우수, 재협업 의향 있음",2024-07-10
RT_00944,CB_00944,BR_00071,CR_TK_074,2.7,기대 대비 전환 소폭 미흡,2025-11-10
RT_00945,CB_00945,BR_00085,CR_TK_066,4.6,"전환율 기대 이상, 강력 추천",2025-05-09
RT_00946,CB_00946,BR_00036,CR_YT_202,4.4,"참여율 양호, 다음 캠페인 고려 중",2024-09-05
RT_00947,CB_00947,BR_00025,CR_YT_214,3.4,일정 지연 있었으나 결과물 양호,2024-08-15
RT_00948,CB_00948,BR_00009,CR_YT_084,2.8,기대 대비 전환 소폭 미흡,2024-03-13
RT_00949,CB_00949,BR_00022,CR_TK_174,3.1,일정 지연 있었으나 결과물 양호,2025-06-17
RT_00950,CB_00950,BR_00048,CR_TK_136,5.0,"타깃 참여율 우수, 재협업 의향 있음",2025-06-02
RT_00951,CB_00951,BR_00081,CR_TK_041,4.0,"콘텐츠 퀄리티 준수, 소통 원활",2025-03-07
RT_00952,CB_00952,BR_00036,CR_TK_113,3.8,"콘텐츠 퀄리티 준수, 소통 원활",2025-10-13
RT_00953,CB_00953,BR_00066,CR_YT_154,4.1,"전반적 만족, 일정 준수 양호",2025-07-27
RT_00954,CB_00954,BR_00019,CR_YT_285,4.2,"콘텐츠 퀄리티 준수, 소통 원활",2024-09-18
RT_00955,CB_00955,BR_00090,CR_YT_278,2.7,타깃 일치도 보통,2025-07-12
RT_00956,CB_00956,BR_00032,CR_YT_084,4.2,"참여율 양호, 다음 캠페인 고려 중",2025-12-13
RT_00957,CB_00957,BR_00008,CR_YT_224,3.8,"콘텐츠 퀄리티 준수, 소통 원활",2025-04-25
RT_00958,CB_00958,BR_00016,CR_YT_158,3.9,"전반적 만족, 일정 준수 양호",2024-11-02
RT_00959,CB_00959,BR_00052,CR_YT_221,4.7,"전환율 기대 이상, 강력 추천",2024-10-07
RT_00960,CB_00960,BR_00076,CR_YT_193,4.5,"타깃 참여율 우수, 재협업 의향 있음",2024-04-15
RT_00961,CB_00961,BR_00064,CR_TK_160,2.8,타깃 일치도 보통,2024-05-13
RT_00962,CB_00962,BR_00047,CR_TK_048,4.0,"전반적 만족, 일정 준수 양호",2025-04-13
RT_00963,CB_00963,BR_00075,CR_YT_043,5.0,"타깃 참여율 우수, 재협업 의향 있음",2024-05-15
RT_00964,CB_00964,BR_00063,CR_YT_056,4.6,"타깃 참여율 우수, 재협업 의향 있음",2025-01-01
RT_00965,CB_00965,BR_00018,CR_YT_034,1.8,CPM 대비 성과 미흡,2025-07-23
RT_00966,CB_00966,BR_00064,CR_TK_011,4.3,"참여율 양호, 다음 캠페인 고려 중",2024-09-24
RT_00967,CB_00967,BR_00058,CR_YT_184,4.6,"전환율 기대 이상, 강력 추천",2025-07-19
RT_00968,CB_00968,BR_00031,CR_TK_107,4.6,"전환율 기대 이상, 강력 추천",2024-12-23
RT_00969,CB_00969,BR_00008,CR_TK_001,3.7,"콘텐츠 퀄리티 준수, 소통 원활",2024-06-07
RT_00970,CB_00970,BR_00099,CR_YT_171,5.0,"브랜드 톤 완벽 일치, 콘텐츠 퀄리티 탁월",2025-02-26
RT_00971,CB_00971,BR_00086,CR_TK_183,3.2,일정 지연 있었으나 결과물 양호,2025-10-28
RT_00972,CB_00972,BR_00047,CR_YT_081,4.3,"전반적 만족, 일정 준수 양호",2025-03-10
RT_00973,CB_00973,BR_00050,CR_YT_096,4.4,"콘텐츠 퀄리티 준수, 소통 원활",2025-07-29
RT_00974,CB_00974,BR_00018,CR_TK_118,3.7,"참여율 양호, 다음 캠페인 고려 중",2025-02-06
RT_00975,CB_00975,BR_00024,CR_YT_004,4.8,"전환율 기대 이상, 강력 추천",2024-07-20
RT_00976,CB_00976,BR_00018,CR_YT_123,3.7,"참여율 양호, 다음 캠페인 고려 중",2025-09-14
RT_00977,CB_00977,BR_00005,CR_TK_095,3.9,"참여율 양호, 다음 캠페인 고려 중",2024-02-16
RT_00978,CB_00978,BR_00062,CR_TK_096,4.3,"참여율 양호, 다음 캠페인 고려 중",2025-07-11
RT_00979,CB_00979,BR_00065,CR_YT_141,3.6,"전반적 만족, 일정 준수 양호",2025-08-30
RT_00980,CB_00980,BR_00056,CR_TK_095,3.6,"전반적 만족, 일정 준수 양호",2024-04-15
RT_00981,CB_00981,BR_00059,CR_YT_023,4.0,"참여율 양호, 다음 캠페인 고려 중",2024-11-24
RT_00982,CB_00982,BR_00054,CR_TK_176,4.3,"콘텐츠 퀄리티 준수, 소통 원활",2025-08-01
RT_00983,CB_00983,BR_00034,CR_YT_154,4.6,"전환율 기대 이상, 강력 추천",2025-11-25
RT_00984,CB_00984,BR_00001,CR_YT_272,5.0,"브랜드 톤 완벽 일치, 콘텐츠 퀄리티 탁월",2024-09-09
RT_00985,CB_00985,BR_00007,CR_TK_191,4.7,"전환율 기대 이상, 강력 추천",2024-04-23
RT_00986,CB_00986,BR_00094,CR_TK_107,4.0,"참여율 양호, 다음 캠페인 고려 중",2025-11-29
RT_00987,CB_00987,BR_00069,CR_TK_039,4.8,"브랜드 톤 완벽 일치, 콘텐츠 퀄리티 탁월",2025-08-23
RT_00988,CB_00988,BR_00093,CR_YT_169,3.9,"전반적 만족, 일정 준수 양호",2024-10-04
RT_00989,CB_00989,BR_00032,CR_TK_185,4.3,"콘텐츠 퀄리티 준수, 소통 원활",2025-05-31
RT_00990,CB_00990,BR_00038,CR_TK_044,4.3,"전반적 만족, 일정 준수 양호",2024-11-23
RT_00991,CB_00991,BR_00098,CR_TK_178,4.1,"참여율 양호, 다음 캠페인 고려 중",2024-12-05
RT_00992,CB_00992,BR_00020,CR_TK_148,4.0,"콘텐츠 퀄리티 준수, 소통 원활",2024-05-21
RT_00993,CB_00993,BR_00035,CR_TK_195,4.7,"타깃 참여율 우수, 재협업 의향 있음",2024-07-28
RT_00994,CB_00994,BR_00069,CR_YT_239,3.8,"전반적 만족, 일정 준수 양호",2025-06-24
RT_00995,CB_00995,BR_00012,CR_YT_181,3.6,"콘텐츠 퀄리티 준수, 소통 원활",2024-09-10
RT_00996,CB_00996,BR_00080,CR_TK_112,2.8,일정 지연 있었으나 결과물 양호,2024-04-24
RT_00997,CB_00997,BR_00025,CR_YT_246,5.0,"타깃 참여율 우수, 재협업 의향 있음",2025-11-15
RT_00998,CB_00998,BR_00066,CR_TK_098,3.1,타깃 일치도 보통,2025-03-23
RT_00999,CB_00999,BR_00090,CR_YT_035,2.8,기대 대비 전환 소폭 미흡,2024-10-27
RT_01000,CB_01000,BR_00006,CR_YT_019,5.0,"전환율 기대 이상, 강력 추천",2025-05-11
